strategy,length_km,buffer_hours,storage_cost_2023_usd_per_kg,annual_delivered_kg,required_buffer_kg,diameter_in,stations,segment_length_km,q_bar_a,draft_inlet_bar_a,pressure_swing_bar,raw_linepack_kg,credited_linepack_kg,external_storage_kg,gathering_stages,gathering_rating_unit_kw,enroute_stages,enroute_rating_unit_kw,compressor_capex_2018_usd,full_year_energy_kwh,pipeline_capex_2023_usd,compressor_capex_2023_usd,storage_capex_2023_usd,pipeline_lcot_2023_usd_per_kg,compressor_lcot_2023_usd_per_kg,electricity_lcot_2023_usd_per_kg,storage_lcot_2023_usd_per_kg,lcot_2023_usd_per_kg,annual_cost_2023_usd,service_closure_kg,infrastructure_response,uses_linepack,delta_embedded_2023_usd_per_kg,delta_redesign_2023_usd_per_kg,delta_joint_vs_external_storage_only_2023_usd_per_kg,joint_saving_vs_external_storage_only_percent
External storage only,400.0,0.0,100.0,500000000.0,0.0,24.0,0,400.0,,,0.0,0.0,0.0,0.0,2,19817.671124984532,0,0.0,19857823.53684561,301917911.39976436,382567650.14176935,28729098.81012402,0.0,0.08033920652977157,0.008101605864454974,0.063213201801047,0.0,0.15165401419527352,75827007.09763676,0.0,Transport assets retained,False,0.0,0.0,0.0,0.0
Linepack without redesign,400.0,0.0,100.0,500000000.0,0.0,24.0,0,400.0,,,0.0,0.0,0.0,0.0,2,19817.671124984532,0,0.0,19857823.53684561,301917911.39976436,382567650.14176935,28729098.81012402,0.0,0.08033920652977157,0.008101605864454974,0.063213201801047,0.0,0.15165401419527352,75827007.09763676,0.0,Transport assets retained,False,0.0,0.0,0.0,0.0
Joint design,400.0,0.0,100.0,500000000.0,0.0,24.0,0,400.0,,,0.0,0.0,0.0,0.0,2,19817.671124984532,0,0.0,19857823.53684561,301917911.39976436,382567650.14176935,28729098.81012402,0.0,0.08033920652977157,0.008101605864454974,0.063213201801047,0.0,0.15165401419527352,75827007.09763676,0.0,Transport assets retained,False,0.0,0.0,0.0,0.0
External storage only,400.0,6.0,100.0,500000000.0,342465.7534246575,24.0,0,400.0,,,0.0,0.0,0.0,342465.7534246575,2,19817.671124984532,0,0.0,19857823.53684561,301917911.39976436,382567650.14176935,28729098.81012402,34246575.34246575,0.08033920652977157,0.008101605864454974,0.063213201801047,0.00684931506849315,0.15850332926376667,79251664.63188334,0.0,Transport assets retained,False,0.0019800068590145325,0.0,0.0019800068590145325,1.2491894449230068
Linepack without redesign,400.0,6.0,100.0,500000000.0,342465.7534246575,24.0,0,400.0,21.01325,62.934121301415985,10.600025809436069,99000.3429507274,99000.3429507274,243465.41047393013,2,19817.671124984532,0,0.0,19857823.53684561,301917911.39976436,382567650.14176935,28729098.81012402,24346541.047393013,0.08033920652977157,0.008101605864454974,0.063213201801047,0.004869308209478603,0.15652332240475214,78261661.20237607,0.0,Transport assets retained,True,0.0019800068590145325,0.0,0.0019800068590145325,1.2491894449230068
Joint design,400.0,6.0,100.0,500000000.0,342465.7534246575,24.0,0,400.0,21.01325,62.934121301415985,10.600025809436069,99000.3429507274,99000.3429507274,243465.41047393013,2,19817.671124984532,0,0.0,19857823.53684561,301917911.39976436,382567650.14176935,28729098.81012402,24346541.047393013,0.08033920652977157,0.008101605864454974,0.063213201801047,0.004869308209478603,0.15652332240475214,78261661.20237607,0.0,Transport assets retained,True,0.0019800068590145325,0.0,0.0019800068590145325,1.2491894449230068
External storage only,400.0,12.0,100.0,500000000.0,684931.506849315,24.0,0,400.0,,,0.0,0.0,0.0,684931.506849315,2,19817.671124984532,0,0.0,19857823.53684561,301917911.39976436,382567650.14176935,28729098.81012402,68493150.6849315,0.08033920652977157,0.008101605864454974,0.063213201801047,0.0136986301369863,0.16535264433225982,82676322.16612992,0.0,Transport assets retained,False,0.0019800068590145603,0.0,0.0019800068590145603,1.1974449317157165
Linepack without redesign,400.0,12.0,100.0,500000000.0,684931.506849315,24.0,0,400.0,21.01325,62.934121301415985,10.600025809436069,99000.3429507274,99000.3429507274,585931.1638985876,2,19817.671124984532,0,0.0,19857823.53684561,301917911.39976436,382567650.14176935,28729098.81012402,58593116.38985876,0.08033920652977157,0.008101605864454974,0.063213201801047,0.011718623277971752,0.16337263747324526,81686318.73662263,0.0,Transport assets retained,True,0.0019800068590145603,0.0,0.0019800068590145603,1.1974449317157165
Joint design,400.0,12.0,100.0,500000000.0,684931.506849315,24.0,0,400.0,21.01325,62.934121301415985,10.600025809436069,99000.3429507274,99000.3429507274,585931.1638985876,2,19817.671124984532,0,0.0,19857823.53684561,301917911.39976436,382567650.14176935,28729098.81012402,58593116.38985876,0.08033920652977157,0.008101605864454974,0.063213201801047,0.011718623277971752,0.16337263747324526,81686318.73662263,0.0,Transport assets retained,True,0.0019800068590145603,0.0,0.0019800068590145603,1.1974449317157165
External storage only,400.0,24.0,100.0,500000000.0,1369863.01369863,24.0,0,400.0,,,0.0,0.0,0.0,1369863.01369863,2,19817.671124984532,0,0.0,19857823.53684561,301917911.39976436,382567650.14176935,28729098.81012402,136986301.369863,0.08033920652977157,0.008101605864454974,0.063213201801047,0.0273972602739726,0.17905127446924612,89525637.23462306,0.0,Transport assets retained,False,0.0019800068590145325,0.0,0.0019800068590145325,1.1058323180797123
Linepack without redesign,400.0,24.0,100.0,500000000.0,1369863.01369863,24.0,0,400.0,21.01325,62.934121301415985,10.600025809436069,99000.3429507274,99000.3429507274,1270862.6707479027,2,19817.671124984532,0,0.0,19857823.53684561,301917911.39976436,382567650.14176935,28729098.81012402,127086267.07479027,0.08033920652977157,0.008101605864454974,0.063213201801047,0.025417253414958055,0.1770712676102316,88535633.80511579,0.0,Transport assets retained,True,0.0019800068590145325,0.0,0.0019800068590145325,1.1058323180797123
Joint design,400.0,24.0,100.0,500000000.0,1369863.01369863,24.0,0,400.0,21.01325,62.934121301415985,10.600025809436069,99000.3429507274,99000.3429507274,1270862.6707479027,2,19817.671124984532,0,0.0,19857823.53684561,301917911.39976436,382567650.14176935,28729098.81012402,127086267.07479027,0.08033920652977157,0.008101605864454974,0.063213201801047,0.025417253414958055,0.1770712676102316,88535633.80511579,0.0,Transport assets retained,True,0.0019800068590145325,0.0,0.0019800068590145325,1.1058323180797123
External storage only,400.0,36.0,100.0,500000000.0,2054794.520547945,24.0,0,400.0,,,0.0,0.0,0.0,2054794.520547945,2,19817.671124984532,0,0.0,19857823.53684561,301917911.39976436,382567650.14176935,28729098.81012402,205479452.0547945,0.08033920652977157,0.008101605864454974,0.063213201801047,0.0410958904109589,0.1927499046062324,96374952.3031162,0.0,Transport assets retained,False,0.001980006859014505,0.0,0.001980006859014505,1.0272414209799214
Linepack without redesign,400.0,36.0,100.0,500000000.0,2054794.520547945,24.0,0,400.0,21.01325,62.934121301415985,10.600025809436069,99000.3429507274,99000.3429507274,1955794.1775972177,2,19817.671124984532,0,0.0,19857823.53684561,301917911.39976436,382567650.14176935,28729098.81012402,195579417.7597218,0.08033920652977157,0.008101605864454974,0.063213201801047,0.03911588355194436,0.1907698977472179,95384948.87360895,0.0,Transport assets retained,True,0.001980006859014505,0.0,0.001980006859014505,1.0272414209799214
Joint design,400.0,36.0,100.0,500000000.0,2054794.520547945,24.0,0,400.0,21.01325,62.934121301415985,10.600025809436069,99000.3429507274,99000.3429507274,1955794.1775972177,2,19817.671124984532,0,0.0,19857823.53684561,301917911.39976436,382567650.14176935,28729098.81012402,195579417.7597218,0.08033920652977157,0.008101605864454974,0.063213201801047,0.03911588355194436,0.1907698977472179,95384948.87360895,0.0,Transport assets retained,True,0.001980006859014505,0.0,0.001980006859014505,1.0272414209799214
External storage only,400.0,48.0,100.0,500000000.0,2739726.02739726,24.0,0,400.0,,,0.0,0.0,0.0,2739726.02739726,2,19817.671124984532,0,0.0,19857823.53684561,301917911.39976436,382567650.14176935,28729098.81012402,273972602.739726,0.08033920652977157,0.008101605864454974,0.063213201801047,0.0547945205479452,0.20644853474321873,103224267.37160936,0.0,Transport assets retained,False,0.0019800068590145603,0.0,0.0019800068590145603,0.95908012206398
Linepack without redesign,400.0,48.0,100.0,500000000.0,2739726.02739726,24.0,0,400.0,21.01325,62.934121301415985,10.600025809436069,99000.3429507274,99000.3429507274,2640725.6844465327,2,19817.671124984532,0,0.0,19857823.53684561,301917911.39976436,382567650.14176935,28729098.81012402,264072568.44465327,0.08033920652977157,0.008101605864454974,0.063213201801047,0.05281451368893066,0.20446852788420417,102234263.94210209,0.0,Transport assets retained,True,0.0019800068590145603,0.0,0.0019800068590145603,0.95908012206398
Joint design,400.0,48.0,100.0,500000000.0,2739726.02739726,24.0,0,400.0,21.01325,62.934121301415985,10.600025809436069,99000.3429507274,99000.3429507274,2640725.6844465327,2,19817.671124984532,0,0.0,19857823.53684561,301917911.39976436,382567650.14176935,28729098.81012402,264072568.44465327,0.08033920652977157,0.008101605864454974,0.063213201801047,0.05281451368893066,0.20446852788420417,102234263.94210209,0.0,Transport assets retained,True,0.0019800068590145603,0.0,0.0019800068590145603,0.95908012206398
External storage only,400.0,72.0,100.0,500000000.0,4109589.04109589,24.0,0,400.0,,,0.0,0.0,0.0,4109589.04109589,2,19817.671124984532,0,0.0,19857823.53684561,301917911.39976436,382567650.14176935,28729098.81012402,410958904.109589,0.08033920652977157,0.008101605864454974,0.063213201801047,0.0821917808219178,0.23384579501719133,116922897.50859566,0.0,Transport assets retained,False,0.0019800068590145603,0.0,0.0019800068590145603,0.8467147587019894
Linepack without redesign,400.0,72.0,100.0,500000000.0,4109589.04109589,24.0,0,400.0,21.01325,62.934121301415985,10.600025809436069,99000.3429507274,99000.3429507274,4010588.698145163,2,19817.671124984532,0,0.0,19857823.53684561,301917911.39976436,382567650.14176935,28729098.81012402,401058869.8145163,0.08033920652977157,0.008101605864454974,0.063213201801047,0.08021177396290326,0.23186578815817677,115932894.07908839,0.0,Transport assets retained,True,0.0019800068590145603,0.0,0.0019800068590145603,0.8467147587019894
Joint design,400.0,72.0,100.0,500000000.0,4109589.04109589,24.0,0,400.0,21.01325,62.934121301415985,10.600025809436069,99000.3429507274,99000.3429507274,4010588.698145163,2,19817.671124984532,0,0.0,19857823.53684561,301917911.39976436,382567650.14176935,28729098.81012402,401058869.8145163,0.08033920652977157,0.008101605864454974,0.063213201801047,0.08021177396290326,0.23186578815817677,115932894.07908839,0.0,Transport assets retained,True,0.0019800068590145603,0.0,0.0019800068590145603,0.8467147587019894
External storage only,800.0,0.0,100.0,500000000.0,0.0,30.0,0,800.0,,,0.0,0.0,0.0,0.0,2,19817.671124984532,0,0.0,19857823.53684561,301917911.39976436,876049126.2536896,28729098.81012402,0.0,0.18397031651327486,0.008101605864454974,0.063213201801047,0.0,0.25528512417877686,127642562.08938842,0.0,Transport assets retained,False,0.0,0.0,0.0,0.0
Linepack without redesign,800.0,0.0,100.0,500000000.0,0.0,30.0,0,800.0,,,0.0,0.0,0.0,0.0,2,19817.671124984532,0,0.0,19857823.53684561,301917911.39976436,876049126.2536896,28729098.81012402,0.0,0.18397031651327486,0.008101605864454974,0.063213201801047,0.0,0.25528512417877686,127642562.08938842,0.0,Transport assets retained,False,0.0,0.0,0.0,0.0
Joint design,800.0,0.0,100.0,500000000.0,0.0,30.0,0,800.0,,,0.0,0.0,0.0,0.0,2,19817.671124984532,0,0.0,19857823.53684561,301917911.39976436,876049126.2536896,28729098.81012402,0.0,0.18397031651327486,0.008101605864454974,0.063213201801047,0.0,0.25528512417877686,127642562.08938842,0.0,Transport assets retained,False,0.0,0.0,0.0,0.0
External storage only,800.0,6.0,100.0,500000000.0,342465.7534246575,30.0,0,800.0,,,0.0,0.0,0.0,342465.7534246575,2,19817.671124984532,0,0.0,19857823.53684561,301917911.39976436,876049126.2536896,28729098.81012402,34246575.34246575,0.18397031651327486,0.008101605864454974,0.063213201801047,0.00684931506849315,0.26213443924727,131067219.623635,0.0,Transport assets retained,False,0.0068493150641000256,0.0,0.0068493150641000256,2.612901640764228
Linepack without redesign,800.0,6.0,100.0,500000000.0,342465.7534246575,30.0,0,800.0,38.0591784721335,60.865101403477006,11.733764032321282,342465.7532050027,342465.7532050027,0.00021965481573715806,2,19817.671124984532,0,0.0,19857823.53684561,301917911.39976436,876049126.2536896,28729098.81012402,0.021965481573715806,0.18397031651327486,0.008101605864454974,0.063213201801047,4.393096314743161e-12,0.25528512418316995,127642562.09158497,0.0,Transport assets retained,True,0.0068493150641000256,0.0,0.0068493150641000256,2.612901640764228
Joint design,800.0,6.0,100.0,500000000.0,342465.7534246575,30.0,0,800.0,38.0591784721335,60.865101403477006,11.733764032321282,342465.7532050027,342465.7532050027,0.00021965481573715806,2,19817.671124984532,0,0.0,19857823.53684561,301917911.39976436,876049126.2536896,28729098.81012402,0.021965481573715806,0.18397031651327486,0.008101605864454974,0.063213201801047,4.393096314743161e-12,0.25528512418316995,127642562.09158497,0.0,Transport assets retained,True,0.0068493150641000256,0.0,0.0068493150641000256,2.612901640764228
External storage only,800.0,12.0,100.0,500000000.0,684931.506849315,30.0,0,800.0,,,0.0,0.0,0.0,684931.506849315,2,19817.671124984532,0,0.0,19857823.53684561,301917911.39976436,876049126.2536896,28729098.81012402,68493150.6849315,0.18397031651327486,0.008101605864454974,0.063213201801047,0.0136986301369863,0.2689837543157631,134491877.15788156,0.0,Transport assets retained,False,0.013665817773441558,0.0,0.013665817773441558,5.080536483775559
Linepack without redesign,800.0,12.0,100.0,500000000.0,684931.506849315,30.0,0,800.0,21.01325,51.93858082816981,23.411316250106665,683290.88867208,683290.88867208,1640.61817723501,2,19817.671124984532,0,0.0,19857823.53684561,301917911.39976436,876049126.2536896,28729098.81012402,164061.817723501,0.18397031651327486,0.008101605864454974,0.063213201801047,3.28123635447002e-05,0.25531793654232154,127658968.27116077,0.0,Transport assets retained,True,0.013665817773441558,0.0,0.013665817773441558,5.080536483775559
Joint design,800.0,12.0,100.0,500000000.0,684931.506849315,30.0,0,800.0,21.01325,51.93858082816981,23.411316250106665,683290.88867208,683290.88867208,1640.61817723501,2,19817.671124984532,0,0.0,19857823.53684561,301917911.39976436,876049126.2536896,28729098.81012402,164061.817723501,0.18397031651327486,0.008101605864454974,0.063213201801047,3.28123635447002e-05,0.25531793654232154,127658968.27116077,0.0,Transport assets retained,True,0.013665817773441558,0.0,0.013665817773441558,5.080536483775559
External storage only,800.0,24.0,100.0,500000000.0,1369863.01369863,30.0,0,800.0,,,0.0,0.0,0.0,1369863.01369863,2,19817.671124984532,0,0.0,19857823.53684561,301917911.39976436,876049126.2536896,28729098.81012402,136986301.369863,0.18397031651327486,0.008101605864454974,0.063213201801047,0.0273972602739726,0.28268238445274946,141341192.22637472,0.0,Transport assets retained,False,0.013665817773441613,0.0,0.013665817773441613,4.834336529280926
Linepack without redesign,800.0,24.0,100.0,500000000.0,1369863.01369863,30.0,0,800.0,21.01325,51.93858082816981,23.411316250106665,683290.88867208,683290.88867208,686572.12502655,2,19817.671124984532,0,0.0,19857823.53684561,301917911.39976436,876049126.2536896,28729098.81012402,68657212.502655,0.18397031651327486,0.008101605864454974,0.063213201801047,0.013731442500531,0.26901656667930784,134508283.3396539,0.0,Transport assets retained,True,0.013665817773441613,0.0,0.013665817773441613,4.834336529280926
Joint design,800.0,24.0,100.0,500000000.0,1369863.01369863,30.0,0,800.0,21.01325,51.93858082816981,23.411316250106665,683290.88867208,683290.88867208,686572.12502655,2,19817.671124984532,0,0.0,19857823.53684561,301917911.39976436,876049126.2536896,28729098.81012402,68657212.502655,0.18397031651327486,0.008101605864454974,0.063213201801047,0.013731442500531,0.26901656667930784,134508283.3396539,0.0,Transport assets retained,True,0.013665817773441613,0.0,0.013665817773441613,4.834336529280926
External storage only,800.0,36.0,100.0,500000000.0,2054794.520547945,30.0,0,800.0,,,0.0,0.0,0.0,2054794.520547945,2,19817.671124984532,0,0.0,19857823.53684561,301917911.39976436,876049126.2536896,28729098.81012402,205479452.0547945,0.18397031651327486,0.008101605864454974,0.063213201801047,0.0410958904109589,0.29638101458973576,148190507.29486787,0.0,Transport assets retained,False,0.013665817773441613,0.0,0.013665817773441613,4.6108951318486
Linepack without redesign,800.0,36.0,100.0,500000000.0,2054794.520547945,30.0,0,800.0,21.01325,51.93858082816981,23.411316250106665,683290.88867208,683290.88867208,1371503.6318758652,2,19817.671124984532,0,0.0,19857823.53684561,301917911.39976436,876049126.2536896,28729098.81012402,137150363.18758652,0.18397031651327486,0.008101605864454974,0.063213201801047,0.027430072637517303,0.28271519681629415,141357598.40814707,0.0,Transport assets retained,True,0.013665817773441613,0.0,0.013665817773441613,4.6108951318486
Joint design,800.0,36.0,100.0,500000000.0,2054794.520547945,30.0,0,800.0,21.01325,51.93858082816981,23.411316250106665,683290.88867208,683290.88867208,1371503.6318758652,2,19817.671124984532,0,0.0,19857823.53684561,301917911.39976436,876049126.2536896,28729098.81012402,137150363.18758652,0.18397031651327486,0.008101605864454974,0.063213201801047,0.027430072637517303,0.28271519681629415,141357598.40814707,0.0,Transport assets retained,True,0.013665817773441613,0.0,0.013665817773441613,4.6108951318486
External storage only,800.0,48.0,100.0,500000000.0,2739726.02739726,30.0,0,800.0,,,0.0,0.0,0.0,2739726.02739726,2,19817.671124984532,0,0.0,19857823.53684561,301917911.39976436,876049126.2536896,28729098.81012402,273972602.739726,0.18397031651327486,0.008101605864454974,0.063213201801047,0.0547945205479452,0.310079644726722,155039822.363361,0.0,Transport assets retained,False,0.013665817773441558,0.0,0.013665817773441558,4.407196023939416
Linepack without redesign,800.0,48.0,100.0,500000000.0,2739726.02739726,30.0,0,800.0,21.01325,51.93858082816981,23.411316250106665,683290.88867208,683290.88867208,2056435.1387251802,2,19817.671124984532,0,0.0,19857823.53684561,301917911.39976436,876049126.2536896,28729098.81012402,205643513.872518,0.18397031651327486,0.008101605864454974,0.063213201801047,0.0411287027745036,0.29641382695328045,148206913.47664022,0.0,Transport assets retained,True,0.013665817773441558,0.0,0.013665817773441558,4.407196023939416
Joint design,800.0,48.0,100.0,500000000.0,2739726.02739726,30.0,0,800.0,21.01325,51.93858082816981,23.411316250106665,683290.88867208,683290.88867208,2056435.1387251802,2,19817.671124984532,0,0.0,19857823.53684561,301917911.39976436,876049126.2536896,28729098.81012402,205643513.872518,0.18397031651327486,0.008101605864454974,0.063213201801047,0.0411287027745036,0.29641382695328045,148206913.47664022,0.0,Transport assets retained,True,0.013665817773441558,0.0,0.013665817773441558,4.407196023939416
External storage only,800.0,72.0,100.0,500000000.0,4109589.04109589,30.0,0,800.0,,,0.0,0.0,0.0,4109589.04109589,2,19817.671124984532,0,0.0,19857823.53684561,301917911.39976436,876049126.2536896,28729098.81012402,410958904.109589,0.18397031651327486,0.008101605864454974,0.063213201801047,0.0821917808219178,0.33747690500069466,168738452.50034732,0.0,Transport assets retained,False,0.013665817773441613,0.0,0.013665817773441613,4.049408291632129
Linepack without redesign,800.0,72.0,100.0,500000000.0,4109589.04109589,30.0,0,800.0,21.01325,51.93858082816981,23.411316250106665,683290.88867208,683290.88867208,3426298.15242381,2,19817.671124984532,0,0.0,19857823.53684561,301917911.39976436,876049126.2536896,28729098.81012402,342629815.24238104,0.18397031651327486,0.008101605864454974,0.063213201801047,0.0685259630484762,0.32381108722725305,161905543.6136265,0.0,Transport assets retained,True,0.013665817773441613,0.0,0.013665817773441613,4.049408291632129
Joint design,800.0,72.0,100.0,500000000.0,4109589.04109589,30.0,0,800.0,21.01325,51.93858082816981,23.411316250106665,683290.88867208,683290.88867208,3426298.15242381,2,19817.671124984532,0,0.0,19857823.53684561,301917911.39976436,876049126.2536896,28729098.81012402,342629815.24238104,0.18397031651327486,0.008101605864454974,0.063213201801047,0.0685259630484762,0.32381108722725305,161905543.6136265,0.0,Transport assets retained,True,0.013665817773441613,0.0,0.013665817773441613,4.049408291632129
External storage only,1200.0,0.0,100.0,500000000.0,0.0,30.0,0,1200.0,,,0.0,0.0,0.0,0.0,2,19817.671124984532,0,0.0,19857823.53684561,301917911.39976436,1276277666.450836,28729098.81012402,0.0,0.26801830995467557,0.008101605864454974,0.063213201801047,0.0,0.3393331176201775,169666558.81008875,0.0,Transport assets retained,False,0.0,0.0,0.0,0.0
Linepack without redesign,1200.0,0.0,100.0,500000000.0,0.0,30.0,0,1200.0,,,0.0,0.0,0.0,0.0,2,19817.671124984532,0,0.0,19857823.53684561,301917911.39976436,1276277666.450836,28729098.81012402,0.0,0.26801830995467557,0.008101605864454974,0.063213201801047,0.0,0.3393331176201775,169666558.81008875,0.0,Transport assets retained,False,0.0,0.0,0.0,0.0
Joint design,1200.0,0.0,100.0,500000000.0,0.0,30.0,0,1200.0,,,0.0,0.0,0.0,0.0,2,19817.671124984532,0,0.0,19857823.53684561,301917911.39976436,1276277666.450836,28729098.81012402,0.0,0.26801830995467557,0.008101605864454974,0.063213201801047,0.0,0.3393331176201775,169666558.81008875,0.0,Transport assets retained,False,0.0,0.0,0.0,0.0
External storage only,1200.0,6.0,100.0,500000000.0,342465.7534246575,30.0,0,1200.0,,,0.0,0.0,0.0,342465.7534246575,2,19817.671124984532,0,0.0,19857823.53684561,301917911.39976436,1276277666.450836,28729098.81012402,34246575.34246575,0.26801830995467557,0.008101605864454974,0.063213201801047,0.00684931506849315,0.34618243268867066,173091216.34433532,0.0,Transport assets retained,False,0.006849315060066308,0.0,0.006849315060066308,1.978527623966998
Linepack without redesign,1200.0,6.0,100.0,500000000.0,342465.7534246575,30.0,0,1200.0,28.410116524481694,64.73966307648945,7.822509350273954,342465.7530033147,342465.7530033147,0.00042134278919547796,2,19817.671124984532,0,0.0,19857823.53684561,301917911.39976436,1276277666.450836,28729098.81012402,0.042134278919547796,0.26801830995467557,0.008101605864454974,0.063213201801047,8.42685578390956e-12,0.33933311762860435,169666558.81430218,0.0,Transport assets retained,True,0.006849315060066308,0.0,0.006849315060066308,1.978527623966998
Joint design,1200.0,6.0,100.0,500000000.0,342465.7534246575,30.0,0,1200.0,28.410116524481694,64.73966307648945,7.822509350273954,342465.7530033147,342465.7530033147,0.00042134278919547796,2,19817.671124984532,0,0.0,19857823.53684561,301917911.39976436,1276277666.450836,28729098.81012402,0.042134278919547796,0.26801830995467557,0.008101605864454974,0.063213201801047,8.42685578390956e-12,0.33933311762860435,169666558.81430218,0.0,Transport assets retained,True,0.006849315060066308,0.0,0.006849315060066308,1.978527623966998
External storage only,1200.0,12.0,100.0,500000000.0,684931.506849315,30.0,0,1200.0,,,0.0,0.0,0.0,684931.506849315,2,19817.671124984532,0,0.0,19857823.53684561,301917911.39976436,1276277666.450836,28729098.81012402,68493150.6849315,0.26801830995467557,0.008101605864454974,0.063213201801047,0.0136986301369863,0.35303174775716384,176515873.8785819,0.0,Transport assets retained,False,0.010482517428821114,0.0,0.010482517428821114,2.9692846310331307
Linepack without redesign,1200.0,12.0,100.0,500000000.0,684931.506849315,30.0,0,1200.0,21.01325,61.851806197436495,11.97194024252829,524125.87144105503,524125.87144105503,160805.63540826,2,19817.671124984532,0,0.0,19857823.53684561,301917911.39976436,1276277666.450836,28729098.81012402,16080563.540825998,0.26801830995467557,0.008101605864454974,0.063213201801047,0.0032161127081652,0.3425492303283427,171274615.16417137,0.0,Transport assets retained,True,0.010482517428821114,0.0,0.010482517428821114,2.9692846310331307
Joint design,1200.0,12.0,100.0,500000000.0,684931.506849315,30.0,0,1200.0,21.01325,61.851806197436495,11.97194024252829,524125.87144105503,524125.87144105503,160805.63540826,2,19817.671124984532,0,0.0,19857823.53684561,301917911.39976436,1276277666.450836,28729098.81012402,16080563.540825998,0.26801830995467557,0.008101605864454974,0.063213201801047,0.0032161127081652,0.3425492303283427,171274615.16417137,0.0,Transport assets retained,True,0.010482517428821114,0.0,0.010482517428821114,2.9692846310331307
External storage only,1200.0,24.0,100.0,500000000.0,1369863.01369863,30.0,0,1200.0,,,0.0,0.0,0.0,1369863.01369863,2,19817.671124984532,0,0.0,19857823.53684561,301917911.39976436,1276277666.450836,28729098.81012402,136986301.369863,0.26801830995467557,0.008101605864454974,0.063213201801047,0.0273972602739726,0.36673037789415014,183365188.94707507,0.0,Transport assets retained,False,0.01048251742882117,0.0,0.01048251742882117,2.858371725029758
Linepack without redesign,1200.0,24.0,100.0,500000000.0,1369863.01369863,30.0,0,1200.0,21.01325,61.851806197436495,11.97194024252829,524125.87144105503,524125.87144105503,845737.142257575,2,19817.671124984532,0,0.0,19857823.53684561,301917911.39976436,1276277666.450836,28729098.81012402,84573714.2257575,0.26801830995467557,0.008101605864454974,0.063213201801047,0.016914742845151497,0.35624786046532897,178123930.2326645,0.0,Transport assets retained,True,0.01048251742882117,0.0,0.01048251742882117,2.858371725029758
Joint design,1200.0,24.0,100.0,500000000.0,1369863.01369863,30.0,0,1200.0,21.01325,61.851806197436495,11.97194024252829,524125.87144105503,524125.87144105503,845737.142257575,2,19817.671124984532,0,0.0,19857823.53684561,301917911.39976436,1276277666.450836,28729098.81012402,84573714.2257575,0.26801830995467557,0.008101605864454974,0.063213201801047,0.016914742845151497,0.35624786046532897,178123930.2326645,0.0,Transport assets retained,True,0.01048251742882117,0.0,0.01048251742882117,2.858371725029758
External storage only,1200.0,36.0,100.0,500000000.0,2054794.520547945,30.0,0,1200.0,,,0.0,0.0,0.0,2054794.520547945,2,19817.671124984532,0,0.0,19857823.53684561,301917911.39976436,1276277666.450836,28729098.81012402,205479452.0547945,0.26801830995467557,0.008101605864454974,0.063213201801047,0.0410958904109589,0.3804290080311364,190214504.0155682,0.0,Transport assets retained,False,0.010482517428821059,0.0,0.010482517428821059,2.755446405906858
Linepack without redesign,1200.0,36.0,100.0,500000000.0,2054794.520547945,30.0,0,1200.0,21.01325,61.851806197436495,11.97194024252829,524125.87144105503,524125.87144105503,1530668.64910689,2,19817.671124984532,0,0.0,19857823.53684561,301917911.39976436,1276277666.450836,28729098.81012402,153066864.910689,0.26801830995467557,0.008101605864454974,0.063213201801047,0.030613372982137798,0.3699464906023153,184973245.30115765,0.0,Transport assets retained,True,0.010482517428821059,0.0,0.010482517428821059,2.755446405906858
Joint design,1200.0,36.0,100.0,500000000.0,2054794.520547945,30.0,0,1200.0,21.01325,61.851806197436495,11.97194024252829,524125.87144105503,524125.87144105503,1530668.64910689,2,19817.671124984532,0,0.0,19857823.53684561,301917911.39976436,1276277666.450836,28729098.81012402,153066864.910689,0.26801830995467557,0.008101605864454974,0.063213201801047,0.030613372982137798,0.3699464906023153,184973245.30115765,0.0,Transport assets retained,True,0.010482517428821059,0.0,0.010482517428821059,2.755446405906858
External storage only,1200.0,48.0,100.0,500000000.0,2739726.02739726,30.0,0,1200.0,,,0.0,0.0,0.0,2739726.02739726,2,19817.671124984532,0,0.0,19857823.53684561,301917911.39976436,1276277666.450836,28729098.81012402,273972602.739726,0.26801830995467557,0.008101605864454974,0.063213201801047,0.0547945205479452,0.3941276381681227,197063819.08406135,0.0,Transport assets retained,False,0.010482517428821059,0.0,0.010482517428821059,2.6596758038951687
Linepack without redesign,1200.0,48.0,100.0,500000000.0,2739726.02739726,30.0,0,1200.0,21.01325,61.851806197436495,11.97194024252829,524125.87144105503,524125.87144105503,2215600.155956205,2,19817.671124984532,0,0.0,19857823.53684561,301917911.39976436,1276277666.450836,28729098.81012402,221560015.5956205,0.26801830995467557,0.008101605864454974,0.063213201801047,0.04431200311912411,0.3836451207393016,191822560.3696508,0.0,Transport assets retained,True,0.010482517428821059,0.0,0.010482517428821059,2.6596758038951687
Joint design,1200.0,48.0,100.0,500000000.0,2739726.02739726,30.0,0,1200.0,21.01325,61.851806197436495,11.97194024252829,524125.87144105503,524125.87144105503,2215600.155956205,2,19817.671124984532,0,0.0,19857823.53684561,301917911.39976436,1276277666.450836,28729098.81012402,221560015.5956205,0.26801830995467557,0.008101605864454974,0.063213201801047,0.04431200311912411,0.3836451207393016,191822560.3696508,0.0,Transport assets retained,True,0.010482517428821059,0.0,0.010482517428821059,2.6596758038951687
External storage only,1200.0,72.0,100.0,500000000.0,4109589.04109589,30.0,0,1200.0,,,0.0,0.0,0.0,4109589.04109589,2,19817.671124984532,0,0.0,19857823.53684561,301917911.39976436,1276277666.450836,28729098.81012402,410958904.109589,0.26801830995467557,0.008101605864454974,0.063213201801047,0.0821917808219178,0.4215248984420953,210762449.22104764,0.0,Transport assets retained,False,0.010482517428821114,0.0,0.010482517428821114,2.4868086007643257
Linepack without redesign,1200.0,72.0,100.0,500000000.0,4109589.04109589,30.0,0,1200.0,21.01325,61.851806197436495,11.97194024252829,524125.87144105503,524125.87144105503,3585463.169654835,2,19817.671124984532,0,0.0,19857823.53684561,301917911.39976436,1276277666.450836,28729098.81012402,358546316.9654835,0.26801830995467557,0.008101605864454974,0.063213201801047,0.0717092633930967,0.41104238101327417,205521190.5066371,0.0,Transport assets retained,True,0.010482517428821114,0.0,0.010482517428821114,2.4868086007643257
Joint design,1200.0,72.0,100.0,500000000.0,4109589.04109589,30.0,0,1200.0,21.01325,61.851806197436495,11.97194024252829,524125.87144105503,524125.87144105503,3585463.169654835,2,19817.671124984532,0,0.0,19857823.53684561,301917911.39976436,1276277666.450836,28729098.81012402,358546316.9654835,0.26801830995467557,0.008101605864454974,0.063213201801047,0.0717092633930967,0.41104238101327417,205521190.5066371,0.0,Transport assets retained,True,0.010482517428821114,0.0,0.010482517428821114,2.4868086007643257
External storage only,1600.0,0.0,100.0,500000000.0,0.0,30.0,1,800.0,,,0.0,0.0,0.0,0.0,2,19817.671124984532,1,4916.8681483076125,26167683.372307286,376825328.75485075,1667491341.3942056,37857822.62795118,0.0,0.35017318169278316,0.010675905981082234,0.07889672871638993,0.0,0.4397458163902554,219872908.1951277,0.0,Transport assets retained,False,0.0,0.0,0.0,0.0
Linepack without redesign,1600.0,0.0,100.0,500000000.0,0.0,30.0,1,800.0,,,0.0,0.0,0.0,0.0,2,19817.671124984532,1,4916.8681483076125,26167683.372307286,376825328.75485075,1667491341.3942056,37857822.62795118,0.0,0.35017318169278316,0.010675905981082234,0.07889672871638993,0.0,0.4397458163902554,219872908.1951277,0.0,Transport assets retained,False,0.0,0.0,0.0,0.0
Joint design,1600.0,0.0,100.0,500000000.0,0.0,30.0,1,800.0,,,0.0,0.0,0.0,0.0,2,19817.671124984532,1,4916.8681483076125,26167683.372307286,376825328.75485075,1667491341.3942056,37857822.62795118,0.0,0.35017318169278316,0.010675905981082234,0.07889672871638993,0.0,0.4397458163902554,219872908.1951277,0.0,Transport assets retained,False,0.0,0.0,0.0,0.0
External storage only,1600.0,6.0,100.0,500000000.0,342465.7534246575,30.0,1,800.0,,,0.0,0.0,0.0,342465.7534246575,2,19817.671124984532,1,4916.8681483076125,26167683.372307286,376825328.75485075,1667491341.3942056,37857822.62795118,34246575.34246575,0.35017318169278316,0.010675905981082234,0.07889672871638993,0.00684931506849315,0.4465951314587485,223297565.72937426,0.0,Transport assets retained,False,0.0010393406883589251,0.002209159031395347,0.003248499719754272,0.7273925510883749
Linepack without redesign,1600.0,6.0,100.0,500000000.0,342465.7534246575,30.0,1,800.0,51.41735684348515,69.9986006120988,0.8902626228047552,51967.03441952149,51967.03441952149,290498.719005136,2,19817.671124984532,1,4916.8681483076125,26167683.372307286,376825328.7550016,1667491341.3942056,37857822.62795118,29049871.9005136,0.35017318169278316,0.010675905981082234,0.07889672871642152,0.00580997438010272,0.4455557907703896,222777895.3851948,0.0,Transport assets retained,True,0.0010393406883589251,0.002209159031395347,0.003248499719754272,0.7273925510883749
Joint design,1600.0,6.0,100.0,500000000.0,342465.7534246575,30.0,1,800.0,45.44162024215761,65.73431640409974,5.86688202323915,342465.7536181944,342465.7534246575,0.0,2,19817.671124984532,1,5913.445783367643,27202028.336728595,392007972.3776784,1667491341.3942056,39354250.40270088,0.0,0.35017318169278316,0.01109789861356165,0.0820755514326494,0.0,0.44334663173899425,221673315.86949712,0.0,Compressor resize,True,0.0010393406883589251,0.002209159031395347,0.003248499719754272,0.7273925510883749
External storage only,1600.0,12.0,100.0,500000000.0,684931.506849315,30.0,1,800.0,,,0.0,0.0,0.0,684931.506849315,2,19817.671124984532,1,4916.8681483076125,26167683.372307286,376825328.75485075,1667491341.3942056,37857822.62795118,68493150.6849315,0.35017318169278316,0.010675905981082234,0.07889672871638993,0.0136986301369863,0.4534444465272417,226722223.26362085,0.0,Transport assets retained,False,0.0010393406883588696,0.003067268300071646,0.004106608988430516,0.9056476531759226
Linepack without redesign,1600.0,12.0,100.0,500000000.0,684931.506849315,30.0,1,800.0,51.41735684348515,69.9986006120988,0.8902626228047552,51967.03441952149,51967.03441952149,632964.4724297936,2,19817.671124984532,1,4916.8681483076125,26167683.372307286,376825328.7550016,1667491341.3942056,37857822.62795118,63296447.242979355,0.35017318169278316,0.010675905981082234,0.07889672871642152,0.012659289448595873,0.4524051058388828,226202552.9194414,0.0,Transport assets retained,True,0.0010393406883588696,0.003067268300071646,0.004106608988430516,0.9056476531759226
Joint design,1600.0,12.0,100.0,500000000.0,684931.506849315,30.0,1,800.0,39.44785865446805,61.74295956062293,10.658068073322092,622140.2271915912,622140.2271915912,62791.27965772385,2,19817.671124984532,1,7229.2292296794785,28521635.865304984,412053647.14235955,1667491341.3942056,41263378.812907144,6279127.965772385,0.35017318169278316,0.011636272825239817,0.08627255742763369,0.001255825593154477,0.4493378375388112,224668918.7694056,0.0,Compressor resize,True,0.0010393406883588696,0.003067268300071646,0.004106608988430516,0.9056476531759226
External storage only,1600.0,24.0,100.0,500000000.0,1369863.01369863,30.0,1,800.0,,,0.0,0.0,0.0,1369863.01369863,2,19817.671124984532,1,4916.8681483076125,26167683.372307286,376825328.75485075,1667491341.3942056,37857822.62795118,136986301.369863,0.35017318169278316,0.010675905981082234,0.07889672871638993,0.0273972602739726,0.46714307666422794,233571538.33211398,0.0,Transport assets retained,False,0.001039340688358814,0.0030672683000715906,0.004106608988430405,0.8790901960390486
Linepack without redesign,1600.0,24.0,100.0,500000000.0,1369863.01369863,30.0,1,800.0,51.41735684348515,69.9986006120988,0.8902626228047552,51967.03441952149,51967.03441952149,1317895.9792791086,2,19817.671124984532,1,4916.8681483076125,26167683.372307286,376825328.7550016,1667491341.3942056,37857822.62795118,131789597.92791086,0.35017318169278316,0.010675905981082234,0.07889672871642152,0.026357919585582174,0.4661037359758691,233051867.98793456,0.0,Transport assets retained,True,0.001039340688358814,0.0030672683000715906,0.004106608988430405,0.8790901960390486
Joint design,1600.0,24.0,100.0,500000000.0,1369863.01369863,30.0,1,800.0,39.44785865446805,61.74295956062293,10.658068073322092,622140.2271915912,622140.2271915912,747722.7865070389,2,19817.671124984532,1,7229.2292296794785,28521635.865304984,412053647.14235955,1667491341.3942056,41263378.812907144,74772278.65070389,0.35017318169278316,0.011636272825239817,0.08627255742763369,0.01495445573014078,0.46303646767579754,231518233.83789876,0.0,Compressor resize,True,0.001039340688358814,0.0030672683000715906,0.004106608988430405,0.8790901960390486
External storage only,1600.0,36.0,100.0,500000000.0,2054794.520547945,30.0,1,800.0,,,0.0,0.0,0.0,2054794.520547945,2,19817.671124984532,1,4916.8681483076125,26167683.372307286,376825328.75485075,1667491341.3942056,37857822.62795118,205479452.0547945,0.35017318169278316,0.010675905981082234,0.07889672871638993,0.0410958904109589,0.4808417068012143,240420853.40060714,0.0,Transport assets retained,False,0.0010393406883589251,0.0030672683000715906,0.004106608988430516,0.8540459220456592
Linepack without redesign,1600.0,36.0,100.0,500000000.0,2054794.520547945,30.0,1,800.0,51.41735684348515,69.9986006120988,0.8902626228047552,51967.03441952149,51967.03441952149,2002827.4861284236,2,19817.671124984532,1,4916.8681483076125,26167683.372307286,376825328.7550016,1667491341.3942056,37857822.62795118,200282748.61284235,0.35017318169278316,0.010675905981082234,0.07889672871642152,0.040056549722568474,0.47980236611285537,239901183.0564277,0.0,Transport assets retained,True,0.0010393406883589251,0.0030672683000715906,0.004106608988430516,0.8540459220456592
Joint design,1600.0,36.0,100.0,500000000.0,2054794.520547945,30.0,1,800.0,39.44785865446805,61.74295956062293,10.658068073322092,622140.2271915912,622140.2271915912,1432654.2933563539,2,19817.671124984532,1,7229.2292296794785,28521635.865304984,412053647.14235955,1667491341.3942056,41263378.812907144,143265429.3356354,0.35017318169278316,0.011636272825239817,0.08627255742763369,0.02865308586712708,0.4767350978127838,238367548.9063919,0.0,Compressor resize,True,0.0010393406883589251,0.0030672683000715906,0.004106608988430516,0.8540459220456592
External storage only,1600.0,48.0,100.0,500000000.0,2739726.02739726,30.0,1,800.0,,,0.0,0.0,0.0,2739726.02739726,2,19817.671124984532,1,4916.8681483076125,26167683.372307286,376825328.75485075,1667491341.3942056,37857822.62795118,273972602.739726,0.35017318169278316,0.010675905981082234,0.07889672871638993,0.0547945205479452,0.4945403369382006,247270168.4691003,0.0,Transport assets retained,False,0.0010393406883589251,0.0030672683000715906,0.004106608988430516,0.8303890869358329
Linepack without redesign,1600.0,48.0,100.0,500000000.0,2739726.02739726,30.0,1,800.0,51.41735684348515,69.9986006120988,0.8902626228047552,51967.03441952149,51967.03441952149,2687758.9929777384,2,19817.671124984532,1,4916.8681483076125,26167683.372307286,376825328.7550016,1667491341.3942056,37857822.62795118,268775899.29777384,0.35017318169278316,0.010675905981082234,0.07889672871642152,0.05375517985955477,0.4935009962498417,246750498.12492085,0.0,Transport assets retained,True,0.0010393406883589251,0.0030672683000715906,0.004106608988430516,0.8303890869358329
Joint design,1600.0,48.0,100.0,500000000.0,2739726.02739726,30.0,1,800.0,39.44785865446805,61.74295956062293,10.658068073322092,622140.2271915912,622140.2271915912,2117585.800205669,2,19817.671124984532,1,7229.2292296794785,28521635.865304984,412053647.14235955,1667491341.3942056,41263378.812907144,211758580.02056688,0.35017318169278316,0.011636272825239817,0.08627255742763369,0.042351716004113374,0.4904337279497701,245216863.97488505,0.0,Compressor resize,True,0.0010393406883589251,0.0030672683000715906,0.004106608988430516,0.8303890869358329
External storage only,1600.0,72.0,100.0,500000000.0,4109589.04109589,30.0,1,800.0,,,0.0,0.0,0.0,4109589.04109589,2,19817.671124984532,1,4916.8681483076125,26167683.372307286,376825328.75485075,1667491341.3942056,37857822.62795118,410958904.109589,0.35017318169278316,0.010675905981082234,0.07889672871638993,0.0821917808219178,0.5219375972121733,260968798.6060866,0.0,Transport assets retained,False,0.0010393406883589806,0.003067268300071535,0.004106608988430516,0.7868007613103861
Linepack without redesign,1600.0,72.0,100.0,500000000.0,4109589.04109589,30.0,1,800.0,51.41735684348515,69.9986006120988,0.8902626228047552,51967.03441952149,51967.03441952149,4057622.0066763684,2,19817.671124984532,1,4916.8681483076125,26167683.372307286,376825328.7550016,1667491341.3942056,37857822.62795118,405762200.6676369,0.35017318169278316,0.010675905981082234,0.07889672871642152,0.08115244013352739,0.5208982565238143,260449128.26190716,0.0,Transport assets retained,True,0.0010393406883589806,0.003067268300071535,0.004106608988430516,0.7868007613103861
Joint design,1600.0,72.0,100.0,500000000.0,4109589.04109589,30.0,1,800.0,39.44785865446805,61.74295956062293,10.658068073322092,622140.2271915912,622140.2271915912,3487448.813904299,2,19817.671124984532,1,7229.2292296794785,28521635.865304984,412053647.14235955,1667491341.3942056,41263378.812907144,348744881.3904299,0.35017318169278316,0.011636272825239817,0.08627255742763369,0.06974897627808599,0.5178309882237427,258915494.11187136,0.0,Compressor resize,True,0.0010393406883589806,0.003067268300071535,0.004106608988430516,0.7868007613103861
External storage only,2000.0,0.0,100.0,500000000.0,0.0,30.0,1,1000.0,,,0.0,0.0,0.0,0.0,2,19817.671124984532,1,6923.938923395723,28219558.53854778,407402615.6935844,2052252879.275636,40826351.595266536,0.0,0.4309731046478836,0.011513031149865164,0.08529876098014452,0.0,0.5277848967778932,263892448.38894662,0.0,Transport assets retained,False,0.0,0.0,0.0,0.0
Linepack without redesign,2000.0,0.0,100.0,500000000.0,0.0,30.0,1,1000.0,,,0.0,0.0,0.0,0.0,2,19817.671124984532,1,6923.938923395723,28219558.53854778,407402615.6935844,2052252879.275636,40826351.595266536,0.0,0.4309731046478836,0.011513031149865164,0.08529876098014452,0.0,0.5277848967778932,263892448.38894662,0.0,Transport assets retained,False,0.0,0.0,0.0,0.0
Joint design,2000.0,0.0,100.0,500000000.0,0.0,30.0,1,1000.0,,,0.0,0.0,0.0,0.0,2,19817.671124984532,1,6923.938923395723,28219558.53854778,407402615.6935844,2052252879.275636,40826351.595266536,0.0,0.4309731046478836,0.011513031149865164,0.08529876098014452,0.0,0.5277848967778932,263892448.38894662,0.0,Transport assets retained,False,0.0,0.0,0.0,0.0
External storage only,2000.0,6.0,100.0,500000000.0,342465.7534246575,30.0,1,1000.0,,,0.0,0.0,0.0,342465.7534246575,2,19817.671124984532,1,6923.938923395723,28219558.53854778,407402615.6935844,2052252879.275636,40826351.595266536,34246575.34246575,0.4309731046478836,0.011513031149865164,0.08529876098014452,0.00684931506849315,0.5346342118463864,267317105.9231932,0.0,Transport assets retained,False,0.0012436238328507043,0.00137165784929838,0.0026152816821490843,0.4891721525109806
Linepack without redesign,2000.0,6.0,100.0,500000000.0,342465.7534246575,30.0,1,1000.0,45.607413817751265,70.00078980801499,0.8521954947872743,62181.19164411427,62181.19164411427,280284.56178054324,2,19817.671124984532,1,6923.938923395723,28219558.53854778,407402615.6937352,2052252879.275636,40826351.595266536,28028456.178054325,0.4309731046478836,0.011513031149865164,0.08529876098017608,0.005605691235610865,0.5333905880135357,266695294.00676784,0.0,Transport assets retained,True,0.0012436238328507043,0.00137165784929838,0.0026152816821490843,0.4891721525109806
Joint design,2000.0,6.0,100.0,500000000.0,342465.7534246575,30.0,1,1000.0,40.638237481951364,66.86957996160707,4.6935056059853295,342465.75269838725,342465.75269838725,0.0007262702565640211,2,19817.671124984532,1,8103.5874767343685,29374667.946237903,425374304.958361,2052252879.275636,42497494.067071624,0.07262702565640211,0.4309731046478836,0.011984293326914199,0.08906153217491412,1.4525405131280422e-11,0.5320189301642373,266009465.08211866,0.0,Compressor resize,True,0.0012436238328507043,0.00137165784929838,0.0026152816821490843,0.4891721525109806
External storage only,2000.0,12.0,100.0,500000000.0,684931.506849315,30.0,1,1000.0,,,0.0,0.0,0.0,684931.506849315,2,19817.671124984532,1,6923.938923395723,28219558.53854778,407402615.6935844,2052252879.275636,40826351.595266536,68493150.6849315,0.4309731046478836,0.011513031149865164,0.08529876098014452,0.0136986301369863,0.5414835269148796,270741763.4574398,0.0,Transport assets retained,False,0.0012436238328507043,0.0015753883554384673,0.0028190121882891717,0.5206090394569504
Linepack without redesign,2000.0,12.0,100.0,500000000.0,684931.506849315,30.0,1,1000.0,45.607413817751265,70.00078980801499,0.8521954947872743,62181.19164411427,62181.19164411427,622750.3152052008,2,19817.671124984532,1,6923.938923395723,28219558.53854778,407402615.6937352,2052252879.275636,40826351.595266536,62275031.52052008,0.4309731046478836,0.011513031149865164,0.08529876098017608,0.012455006304104017,0.5402399030820288,270119951.54101443,0.0,Transport assets retained,True,0.0012436238328507043,0.0015753883554384673,0.0028190121882891717,0.5206090394569504
Joint design,2000.0,12.0,100.0,500000000.0,684931.506849315,30.0,1,1000.0,38.06554228217975,65.33804318954387,6.613494753102557,482559.4446291541,482559.4446291541,202372.0622201609,2,19817.671124984532,1,8829.16398935734,30070150.874513526,436428305.3941475,2052252879.275636,43503676.73004631,20237206.222016092,0.4309731046478836,0.01226803683787306,0.09137593199643056,0.004047441244403219,0.5386645147265904,269332257.3632952,0.0,Compressor resize,True,0.0012436238328507043,0.0015753883554384673,0.0028190121882891717,0.5206090394569504
External storage only,2000.0,24.0,100.0,500000000.0,1369863.01369863,30.0,1,1000.0,,,0.0,0.0,0.0,1369863.01369863,2,19817.671124984532,1,6923.938923395723,28219558.53854778,407402615.6935844,2052252879.275636,40826351.595266536,136986301.369863,0.4309731046478836,0.011513031149865164,0.08529876098014452,0.0273972602739726,0.5551821570518658,277591078.5259329,0.0,Transport assets retained,False,0.0012436238328507043,0.0015753883554383563,0.0028190121882890606,0.5077634705082399
Linepack without redesign,2000.0,24.0,100.0,500000000.0,1369863.01369863,30.0,1,1000.0,45.607413817751265,70.00078980801499,0.8521954947872743,62181.19164411427,62181.19164411427,1307681.8220545158,2,19817.671124984532,1,6923.938923395723,28219558.53854778,407402615.6937352,2052252879.275636,40826351.595266536,130768182.20545158,0.4309731046478836,0.011513031149865164,0.08529876098017608,0.026153636441090315,0.5539385332190151,276969266.60950756,0.0,Transport assets retained,True,0.0012436238328507043,0.0015753883554383563,0.0028190121882890606,0.5077634705082399
Joint design,2000.0,24.0,100.0,500000000.0,1369863.01369863,30.0,1,1000.0,38.06554228217975,65.33804318954387,6.613494753102557,482559.4446291541,482559.4446291541,887303.5690694759,2,19817.671124984532,1,8829.16398935734,30070150.874513526,436428305.3941475,2052252879.275636,43503676.73004631,88730356.90694758,0.4309731046478836,0.01226803683787306,0.09137593199643056,0.017746071381389516,0.5523631448635767,276181572.4317884,0.0,Compressor resize,True,0.0012436238328507043,0.0015753883554383563,0.0028190121882890606,0.5077634705082399
External storage only,2000.0,36.0,100.0,500000000.0,2054794.520547945,30.0,1,1000.0,,,0.0,0.0,0.0,2054794.520547945,2,19817.671124984532,1,6923.938923395723,28219558.53854778,407402615.6935844,2052252879.275636,40826351.595266536,205479452.0547945,0.4309731046478836,0.011513031149865164,0.08529876098014452,0.0410958904109589,0.5688807871888522,284440393.5944261,0.0,Transport assets retained,False,0.0012436238328507043,0.0015753883554384673,0.0028190121882891717,0.4955365432922136
Linepack without redesign,2000.0,36.0,100.0,500000000.0,2054794.520547945,30.0,1,1000.0,45.607413817751265,70.00078980801499,0.8521954947872743,62181.19164411427,62181.19164411427,1992613.3289038308,2,19817.671124984532,1,6923.938923395723,28219558.53854778,407402615.6937352,2052252879.275636,40826351.595266536,199261332.8903831,0.4309731046478836,0.011513031149865164,0.08529876098017608,0.039852266578076626,0.5676371633560015,283818581.67800075,0.0,Transport assets retained,True,0.0012436238328507043,0.0015753883554384673,0.0028190121882891717,0.4955365432922136
Joint design,2000.0,36.0,100.0,500000000.0,2054794.520547945,30.0,1,1000.0,38.06554228217975,65.33804318954387,6.613494753102557,482559.4446291541,482559.4446291541,1572235.075918791,2,19817.671124984532,1,8829.16398935734,30070150.874513526,436428305.3941475,2052252879.275636,43503676.73004631,157223507.5918791,0.4309731046478836,0.01226803683787306,0.09137593199643056,0.03144470151837582,0.566061775000563,283030887.5002815,0.0,Compressor resize,True,0.0012436238328507043,0.0015753883554384673,0.0028190121882891717,0.4955365432922136
External storage only,2000.0,48.0,100.0,500000000.0,2739726.02739726,30.0,1,1000.0,,,0.0,0.0,0.0,2739726.02739726,2,19817.671124984532,1,6923.938923395723,28219558.53854778,407402615.6935844,2052252879.275636,40826351.595266536,273972602.739726,0.4309731046478836,0.011513031149865164,0.08529876098014452,0.0547945205479452,0.5825794173258384,291289708.6629192,0.0,Transport assets retained,False,0.0012436238328505933,0.0015753883554385784,0.0028190121882891717,0.4838846180369757
Linepack without redesign,2000.0,48.0,100.0,500000000.0,2739726.02739726,30.0,1,1000.0,45.607413817751265,70.00078980801499,0.8521954947872743,62181.19164411427,62181.19164411427,2677544.8357531456,2,19817.671124984532,1,6923.938923395723,28219558.53854778,407402615.6937352,2052252879.275636,40826351.595266536,267754483.57531455,0.4309731046478836,0.011513031149865164,0.08529876098017608,0.05355089671506292,0.5813357934929878,290667896.7464939,0.0,Transport assets retained,True,0.0012436238328505933,0.0015753883554385784,0.0028190121882891717,0.4838846180369757
Joint design,2000.0,48.0,100.0,500000000.0,2739726.02739726,30.0,1,1000.0,38.06554228217975,65.33804318954387,6.613494753102557,482559.4446291541,482559.4446291541,2257166.582768106,2,19817.671124984532,1,8829.16398935734,30070150.874513526,436428305.3941475,2052252879.275636,43503676.73004631,225716658.2768106,0.4309731046478836,0.01226803683787306,0.09137593199643056,0.04514333165536212,0.5797604051375492,289880202.56877464,0.0,Compressor resize,True,0.0012436238328505933,0.0015753883554385784,0.0028190121882891717,0.4838846180369757
External storage only,2000.0,72.0,100.0,500000000.0,4109589.04109589,30.0,1,1000.0,,,0.0,0.0,0.0,4109589.04109589,2,19817.671124984532,1,6923.938923395723,28219558.53854778,407402615.6935844,2052252879.275636,40826351.595266536,410958904.109589,0.4309731046478836,0.011513031149865164,0.08529876098014452,0.0821917808219178,0.6099766775998111,304988338.79990554,0.0,Transport assets retained,False,0.0012436238328507043,0.0015753883554384673,0.0028190121882891717,0.46215081523799634
Linepack without redesign,2000.0,72.0,100.0,500000000.0,4109589.04109589,30.0,1,1000.0,45.607413817751265,70.00078980801499,0.8521954947872743,62181.19164411427,62181.19164411427,4047407.8494517757,2,19817.671124984532,1,6923.938923395723,28219558.53854778,407402615.6937352,2052252879.275636,40826351.595266536,404740784.94517756,0.4309731046478836,0.011513031149865164,0.08529876098017608,0.08094815698903551,0.6087330537669604,304366526.8834802,0.0,Transport assets retained,True,0.0012436238328507043,0.0015753883554384673,0.0028190121882891717,0.46215081523799634
Joint design,2000.0,72.0,100.0,500000000.0,4109589.04109589,30.0,1,1000.0,38.06554228217975,65.33804318954387,6.613494753102557,482559.4446291541,482559.4446291541,3627029.596466736,2,19817.671124984532,1,8829.16398935734,30070150.874513526,436428305.3941475,2052252879.275636,43503676.73004631,362702959.6466736,0.4309731046478836,0.01226803683787306,0.09137593199643056,0.07254059192933474,0.6071576654115219,303578832.70576096,0.0,Compressor resize,True,0.0012436238328507043,0.0015753883554384673,0.0028190121882891717,0.46215081523799634
External storage only,400.0,0.0,200.0,500000000.0,0.0,24.0,0,400.0,,,0.0,0.0,0.0,0.0,2,19817.671124984532,0,0.0,19857823.53684561,301917911.39976436,382567650.14176935,28729098.81012402,0.0,0.08033920652977157,0.008101605864454974,0.063213201801047,0.0,0.15165401419527352,75827007.09763676,0.0,Transport assets retained,False,0.0,0.0,0.0,0.0
Linepack without redesign,400.0,0.0,200.0,500000000.0,0.0,24.0,0,400.0,,,0.0,0.0,0.0,0.0,2,19817.671124984532,0,0.0,19857823.53684561,301917911.39976436,382567650.14176935,28729098.81012402,0.0,0.08033920652977157,0.008101605864454974,0.063213201801047,0.0,0.15165401419527352,75827007.09763676,0.0,Transport assets retained,False,0.0,0.0,0.0,0.0
Joint design,400.0,0.0,200.0,500000000.0,0.0,24.0,0,400.0,,,0.0,0.0,0.0,0.0,2,19817.671124984532,0,0.0,19857823.53684561,301917911.39976436,382567650.14176935,28729098.81012402,0.0,0.08033920652977157,0.008101605864454974,0.063213201801047,0.0,0.15165401419527352,75827007.09763676,0.0,Transport assets retained,False,0.0,0.0,0.0,0.0
External storage only,400.0,6.0,200.0,500000000.0,342465.7534246575,24.0,0,400.0,,,0.0,0.0,0.0,342465.7534246575,2,19817.671124984532,0,0.0,19857823.53684561,301917911.39976436,382567650.14176935,28729098.81012402,68493150.6849315,0.08033920652977157,0.008101605864454974,0.063213201801047,0.0136986301369863,0.16535264433225982,82676322.16612992,0.0,Transport assets retained,False,0.003960013718029093,0.0,0.003960013718029093,2.394889863431416
Linepack without redesign,400.0,6.0,200.0,500000000.0,342465.7534246575,24.0,0,400.0,21.01325,62.934121301415985,10.600025809436069,99000.3429507274,99000.3429507274,243465.41047393013,2,19817.671124984532,0,0.0,19857823.53684561,301917911.39976436,382567650.14176935,28729098.81012402,48693082.094786026,0.08033920652977157,0.008101605864454974,0.063213201801047,0.009738616418957206,0.16139263061423073,80696315.30711536,0.0,Transport assets retained,True,0.003960013718029093,0.0,0.003960013718029093,2.394889863431416
Joint design,400.0,6.0,200.0,500000000.0,342465.7534246575,24.0,0,400.0,21.01325,62.934121301415985,10.600025809436069,99000.3429507274,99000.3429507274,243465.41047393013,2,19817.671124984532,0,0.0,19857823.53684561,301917911.39976436,382567650.14176935,28729098.81012402,48693082.094786026,0.08033920652977157,0.008101605864454974,0.063213201801047,0.009738616418957206,0.16139263061423073,80696315.30711536,0.0,Transport assets retained,True,0.003960013718029093,0.0,0.003960013718029093,2.394889863431416
External storage only,400.0,12.0,200.0,500000000.0,684931.506849315,24.0,0,400.0,,,0.0,0.0,0.0,684931.506849315,2,19817.671124984532,0,0.0,19857823.53684561,301917911.39976436,382567650.14176935,28729098.81012402,136986301.369863,0.08033920652977157,0.008101605864454974,0.063213201801047,0.0273972602739726,0.17905127446924612,89525637.23462306,0.0,Transport assets retained,False,0.003960013718029121,0.0002579407480538809,0.0042179544660830015,2.355724346886723
Linepack without redesign,400.0,12.0,200.0,500000000.0,684931.506849315,24.0,0,400.0,21.01325,62.934121301415985,10.600025809436069,99000.3429507274,99000.3429507274,585931.1638985876,2,19817.671124984532,0,0.0,19857823.53684561,301917911.39976436,382567650.14176935,28729098.81012402,117186232.77971752,0.08033920652977157,0.008101605864454974,0.063213201801047,0.023437246555943505,0.175091260751217,87545630.3756085,0.0,Transport assets retained,True,0.003960013718029121,0.0002579407480538809,0.0042179544660830015,2.355724346886723
Joint design,400.0,12.0,200.0,500000000.0,684931.506849315,30.0,0,400.0,21.01325,39.61800634816717,35.48835031641107,517887.72075333726,517887.72075333726,167043.78609597776,2,19817.671124984532,0,0.0,19857823.53684561,301917911.39976436,461127432.8277241,28729098.81012402,33408757.219195552,0.09683676089382208,0.008101605864454974,0.063213201801047,0.00668175144383911,0.17483332000316312,87416660.00158156,0.0,Diameter change,True,0.003960013718029121,0.0002579407480538809,0.0042179544660830015,2.355724346886723
External storage only,400.0,24.0,200.0,500000000.0,1369863.01369863,24.0,0,400.0,,,0.0,0.0,0.0,1369863.01369863,2,19817.671124984532,0,0.0,19857823.53684561,301917911.39976436,382567650.14176935,28729098.81012402,273972602.739726,0.08033920652977157,0.008101605864454974,0.063213201801047,0.0547945205479452,0.20644853474321873,103224267.37160936,0.0,Transport assets retained,False,0.003960013718029093,0.00025794074805390865,0.0042179544660830015,2.0431021568301784
Linepack without redesign,400.0,24.0,200.0,500000000.0,1369863.01369863,24.0,0,400.0,21.01325,62.934121301415985,10.600025809436069,99000.3429507274,99000.3429507274,1270862.6707479027,2,19817.671124984532,0,0.0,19857823.53684561,301917911.39976436,382567650.14176935,28729098.81012402,254172534.14958054,0.08033920652977157,0.008101605864454974,0.063213201801047,0.05083450682991611,0.20248852102518963,101244260.51259482,0.0,Transport assets retained,True,0.003960013718029093,0.00025794074805390865,0.0042179544660830015,2.0431021568301784
Joint design,400.0,24.0,200.0,500000000.0,1369863.01369863,30.0,0,400.0,21.01325,39.61800634816717,35.48835031641107,517887.72075333726,517887.72075333726,851975.2929452928,2,19817.671124984532,0,0.0,19857823.53684561,301917911.39976436,461127432.8277241,28729098.81012402,170395058.58905855,0.09683676089382208,0.008101605864454974,0.063213201801047,0.03407901171781171,0.20223058027713572,101115290.13856786,0.0,Diameter change,True,0.003960013718029093,0.00025794074805390865,0.0042179544660830015,2.0431021568301784
External storage only,400.0,36.0,200.0,500000000.0,2054794.520547945,24.0,0,400.0,,,0.0,0.0,0.0,2054794.520547945,2,19817.671124984532,0,0.0,19857823.53684561,301917911.39976436,382567650.14176935,28729098.81012402,410958904.109589,0.08033920652977157,0.008101605864454974,0.063213201801047,0.0821917808219178,0.23384579501719133,116922897.50859566,0.0,Transport assets retained,False,0.003960013718029093,0.00025794074805390865,0.0042179544660830015,1.8037332960265187
Linepack without redesign,400.0,36.0,200.0,500000000.0,2054794.520547945,24.0,0,400.0,21.01325,62.934121301415985,10.600025809436069,99000.3429507274,99000.3429507274,1955794.1775972177,2,19817.671124984532,0,0.0,19857823.53684561,301917911.39976436,382567650.14176935,28729098.81012402,391158835.5194436,0.08033920652977157,0.008101605864454974,0.063213201801047,0.07823176710388872,0.22988578129916223,114942890.64958112,0.0,Transport assets retained,True,0.003960013718029093,0.00025794074805390865,0.0042179544660830015,1.8037332960265187
Joint design,400.0,36.0,200.0,500000000.0,2054794.520547945,30.0,0,400.0,21.01325,39.61800634816717,35.48835031641107,517887.72075333726,517887.72075333726,1536906.7997946078,2,19817.671124984532,0,0.0,19857823.53684561,301917911.39976436,461127432.8277241,28729098.81012402,307381359.95892155,0.09683676089382208,0.008101605864454974,0.063213201801047,0.06147627199178431,0.22962784055110833,114813920.27555417,0.0,Diameter change,True,0.003960013718029093,0.00025794074805390865,0.0042179544660830015,1.8037332960265187
External storage only,400.0,48.0,200.0,500000000.0,2739726.02739726,24.0,0,400.0,,,0.0,0.0,0.0,2739726.02739726,2,19817.671124984532,0,0.0,19857823.53684561,301917911.39976436,382567650.14176935,28729098.81012402,547945205.479452,0.08033920652977157,0.008101605864454974,0.063213201801047,0.1095890410958904,0.26124305529116393,130621527.64558196,0.0,Transport assets retained,False,0.003960013718029065,0.00025794074805390865,0.004217954466082974,1.6145709448168586
Linepack without redesign,400.0,48.0,200.0,500000000.0,2739726.02739726,24.0,0,400.0,21.01325,62.934121301415985,10.600025809436069,99000.3429507274,99000.3429507274,2640725.6844465327,2,19817.671124984532,0,0.0,19857823.53684561,301917911.39976436,382567650.14176935,28729098.81012402,528145136.88930655,0.08033920652977157,0.008101605864454974,0.063213201801047,0.10562902737786133,0.25728304157313486,128641520.78656742,0.0,Transport assets retained,True,0.003960013718029065,0.00025794074805390865,0.004217954466082974,1.6145709448168586
Joint design,400.0,48.0,200.0,500000000.0,2739726.02739726,30.0,0,400.0,21.01325,39.61800634816717,35.48835031641107,517887.72075333726,517887.72075333726,2221838.306643923,2,19817.671124984532,0,0.0,19857823.53684561,301917911.39976436,461127432.8277241,28729098.81012402,444367661.3287846,0.09683676089382208,0.008101605864454974,0.063213201801047,0.08887353226575692,0.25702510082508095,128512550.41254047,0.0,Diameter change,True,0.003960013718029065,0.00025794074805390865,0.004217954466082974,1.6145709448168586
External storage only,400.0,72.0,200.0,500000000.0,4109589.04109589,24.0,0,400.0,,,0.0,0.0,0.0,4109589.04109589,2,19817.671124984532,0,0.0,19857823.53684561,301917911.39976436,382567650.14176935,28729098.81012402,821917808.219178,0.08033920652977157,0.008101605864454974,0.063213201801047,0.1643835616438356,0.31603757583910913,158018787.91955456,0.0,Transport assets retained,False,0.003960013718029065,0.00025794074805390865,0.004217954466082974,1.3346370142486736
Linepack without redesign,400.0,72.0,200.0,500000000.0,4109589.04109589,24.0,0,400.0,21.01325,62.934121301415985,10.600025809436069,99000.3429507274,99000.3429507274,4010588.698145163,2,19817.671124984532,0,0.0,19857823.53684561,301917911.39976436,382567650.14176935,28729098.81012402,802117739.6290326,0.08033920652977157,0.008101605864454974,0.063213201801047,0.16042354792580651,0.31207756212108007,156038781.06054002,0.0,Transport assets retained,True,0.003960013718029065,0.00025794074805390865,0.004217954466082974,1.3346370142486736
Joint design,400.0,72.0,200.0,500000000.0,4109589.04109589,30.0,0,400.0,21.01325,39.61800634816717,35.48835031641107,517887.72075333726,517887.72075333726,3591701.320342553,2,19817.671124984532,0,0.0,19857823.53684561,301917911.39976436,461127432.8277241,28729098.81012402,718340264.0685105,0.09683676089382208,0.008101605864454974,0.063213201801047,0.1436680528137021,0.31181962137302616,155909810.68651307,0.0,Diameter change,True,0.003960013718029065,0.00025794074805390865,0.004217954466082974,1.3346370142486736
External storage only,800.0,0.0,200.0,500000000.0,0.0,30.0,0,800.0,,,0.0,0.0,0.0,0.0,2,19817.671124984532,0,0.0,19857823.53684561,301917911.39976436,876049126.2536896,28729098.81012402,0.0,0.18397031651327486,0.008101605864454974,0.063213201801047,0.0,0.25528512417877686,127642562.08938842,0.0,Transport assets retained,False,0.0,0.0,0.0,0.0
Linepack without redesign,800.0,0.0,200.0,500000000.0,0.0,30.0,0,800.0,,,0.0,0.0,0.0,0.0,2,19817.671124984532,0,0.0,19857823.53684561,301917911.39976436,876049126.2536896,28729098.81012402,0.0,0.18397031651327486,0.008101605864454974,0.063213201801047,0.0,0.25528512417877686,127642562.08938842,0.0,Transport assets retained,False,0.0,0.0,0.0,0.0
Joint design,800.0,0.0,200.0,500000000.0,0.0,30.0,0,800.0,,,0.0,0.0,0.0,0.0,2,19817.671124984532,0,0.0,19857823.53684561,301917911.39976436,876049126.2536896,28729098.81012402,0.0,0.18397031651327486,0.008101605864454974,0.063213201801047,0.0,0.25528512417877686,127642562.08938842,0.0,Transport assets retained,False,0.0,0.0,0.0,0.0
External storage only,800.0,6.0,200.0,500000000.0,342465.7534246575,30.0,0,800.0,,,0.0,0.0,0.0,342465.7534246575,2,19817.671124984532,0,0.0,19857823.53684561,301917911.39976436,876049126.2536896,28729098.81012402,68493150.6849315,0.18397031651327486,0.008101605864454974,0.063213201801047,0.0136986301369863,0.2689837543157631,134491877.15788156,0.0,Transport assets retained,False,0.013698630128200051,0.0,0.013698630128200051,5.092735121883633
Linepack without redesign,800.0,6.0,200.0,500000000.0,342465.7534246575,30.0,0,800.0,38.0591784721335,60.865101403477006,11.733764032321282,342465.7532050027,342465.7532050027,0.00021965481573715806,2,19817.671124984532,0,0.0,19857823.53684561,301917911.39976436,876049126.2536896,28729098.81012402,0.04393096314743161,0.18397031651327486,0.008101605864454974,0.063213201801047,8.786192629486322e-12,0.25528512418756305,127642562.09378152,0.0,Transport assets retained,True,0.013698630128200051,0.0,0.013698630128200051,5.092735121883633
Joint design,800.0,6.0,200.0,500000000.0,342465.7534246575,30.0,0,800.0,38.0591784721335,60.865101403477006,11.733764032321282,342465.7532050027,342465.7532050027,0.00021965481573715806,2,19817.671124984532,0,0.0,19857823.53684561,301917911.39976436,876049126.2536896,28729098.81012402,0.04393096314743161,0.18397031651327486,0.008101605864454974,0.063213201801047,8.786192629486322e-12,0.25528512418756305,127642562.09378152,0.0,Transport assets retained,True,0.013698630128200051,0.0,0.013698630128200051,5.092735121883633
External storage only,800.0,12.0,200.0,500000000.0,684931.506849315,30.0,0,800.0,,,0.0,0.0,0.0,684931.506849315,2,19817.671124984532,0,0.0,19857823.53684561,301917911.39976436,876049126.2536896,28729098.81012402,136986301.369863,0.18397031651327486,0.008101605864454974,0.063213201801047,0.0273972602739726,0.28268238445274946,141341192.22637472,0.0,Transport assets retained,False,0.027331635546883226,0.0,0.027331635546883226,9.668673058561852
Linepack without redesign,800.0,12.0,200.0,500000000.0,684931.506849315,30.0,0,800.0,21.01325,51.93858082816981,23.411316250106665,683290.88867208,683290.88867208,1640.61817723501,2,19817.671124984532,0,0.0,19857823.53684561,301917911.39976436,876049126.2536896,28729098.81012402,328123.635447002,0.18397031651327486,0.008101605864454974,0.063213201801047,6.56247270894004e-05,0.25535074890586623,127675374.45293312,0.0,Transport assets retained,True,0.027331635546883226,0.0,0.027331635546883226,9.668673058561852
Joint design,800.0,12.0,200.0,500000000.0,684931.506849315,30.0,0,800.0,21.01325,51.93858082816981,23.411316250106665,683290.88867208,683290.88867208,1640.61817723501,2,19817.671124984532,0,0.0,19857823.53684561,301917911.39976436,876049126.2536896,28729098.81012402,328123.635447002,0.18397031651327486,0.008101605864454974,0.063213201801047,6.56247270894004e-05,0.25535074890586623,127675374.45293312,0.0,Transport assets retained,True,0.027331635546883226,0.0,0.027331635546883226,9.668673058561852
External storage only,800.0,24.0,200.0,500000000.0,1369863.01369863,30.0,0,800.0,,,0.0,0.0,0.0,1369863.01369863,2,19817.671124984532,0,0.0,19857823.53684561,301917911.39976436,876049126.2536896,28729098.81012402,273972602.739726,0.18397031651327486,0.008101605864454974,0.063213201801047,0.0547945205479452,0.310079644726722,155039822.363361,0.0,Transport assets retained,False,0.02733163554688317,0.0,0.02733163554688317,8.814392047878847
Linepack without redesign,800.0,24.0,200.0,500000000.0,1369863.01369863,30.0,0,800.0,21.01325,51.93858082816981,23.411316250106665,683290.88867208,683290.88867208,686572.12502655,2,19817.671124984532,0,0.0,19857823.53684561,301917911.39976436,876049126.2536896,28729098.81012402,137314425.00531,0.18397031651327486,0.008101605864454974,0.063213201801047,0.027462885001062,0.28274800917983883,141374004.58991942,0.0,Transport assets retained,True,0.02733163554688317,0.0,0.02733163554688317,8.814392047878847
Joint design,800.0,24.0,200.0,500000000.0,1369863.01369863,30.0,0,800.0,21.01325,51.93858082816981,23.411316250106665,683290.88867208,683290.88867208,686572.12502655,2,19817.671124984532,0,0.0,19857823.53684561,301917911.39976436,876049126.2536896,28729098.81012402,137314425.00531,0.18397031651327486,0.008101605864454974,0.063213201801047,0.027462885001062,0.28274800917983883,141374004.58991942,0.0,Transport assets retained,True,0.02733163554688317,0.0,0.02733163554688317,8.814392047878847
External storage only,800.0,36.0,200.0,500000000.0,2054794.520547945,30.0,0,800.0,,,0.0,0.0,0.0,2054794.520547945,2,19817.671124984532,0,0.0,19857823.53684561,301917911.39976436,876049126.2536896,28729098.81012402,410958904.109589,0.18397031651327486,0.008101605864454974,0.063213201801047,0.0821917808219178,0.33747690500069466,168738452.50034732,0.0,Transport assets retained,False,0.027331635546883226,0.0,0.027331635546883226,8.098816583264258
Linepack without redesign,800.0,36.0,200.0,500000000.0,2054794.520547945,30.0,0,800.0,21.01325,51.93858082816981,23.411316250106665,683290.88867208,683290.88867208,1371503.6318758652,2,19817.671124984532,0,0.0,19857823.53684561,301917911.39976436,876049126.2536896,28729098.81012402,274300726.37517303,0.18397031651327486,0.008101605864454974,0.063213201801047,0.054860145275034605,0.31014526945381143,155072634.7269057,0.0,Transport assets retained,True,0.027331635546883226,0.0,0.027331635546883226,8.098816583264258
Joint design,800.0,36.0,200.0,500000000.0,2054794.520547945,30.0,0,800.0,21.01325,51.93858082816981,23.411316250106665,683290.88867208,683290.88867208,1371503.6318758652,2,19817.671124984532,0,0.0,19857823.53684561,301917911.39976436,876049126.2536896,28729098.81012402,274300726.37517303,0.18397031651327486,0.008101605864454974,0.063213201801047,0.054860145275034605,0.31014526945381143,155072634.7269057,0.0,Transport assets retained,True,0.027331635546883226,0.0,0.027331635546883226,8.098816583264258
External storage only,800.0,48.0,200.0,500000000.0,2739726.02739726,30.0,0,800.0,,,0.0,0.0,0.0,2739726.02739726,2,19817.671124984532,0,0.0,19857823.53684561,301917911.39976436,876049126.2536896,28729098.81012402,547945205.479452,0.18397031651327486,0.008101605864454974,0.063213201801047,0.1095890410958904,0.36487416527466726,182437082.63733363,0.0,Transport assets retained,False,0.027331635546883226,0.0006513104866966435,0.02798294603357987,7.669204535902145
Linepack without redesign,800.0,48.0,200.0,500000000.0,2739726.02739726,30.0,0,800.0,21.01325,51.93858082816981,23.411316250106665,683290.88867208,683290.88867208,2056435.1387251802,2,19817.671124984532,0,0.0,19857823.53684561,301917911.39976436,876049126.2536896,28729098.81012402,411287027.745036,0.18397031651327486,0.008101605864454974,0.063213201801047,0.0822574055490072,0.33754252972778404,168771264.86389202,0.0,Transport assets retained,True,0.027331635546883226,0.0006513104866966435,0.02798294603357987,7.669204535902145
Joint design,800.0,48.0,200.0,500000000.0,2739726.02739726,42.0,0,800.0,21.01325,29.215916513919403,44.16149540119125,2526269.277053387,2526269.277053387,213456.75034387317,2,19817.671124984532,0,0.0,19857823.53684561,301917911.39976436,1223991150.294431,28729098.81012402,42691350.06877463,0.2570381415618305,0.008101605864454974,0.063213201801047,0.008538270013754927,0.3368912192410874,168445609.6205437,0.0,Diameter change,True,0.027331635546883226,0.0006513104866966435,0.02798294603357987,7.669204535902145
External storage only,800.0,72.0,200.0,500000000.0,4109589.04109589,30.0,0,800.0,,,0.0,0.0,0.0,4109589.04109589,2,19817.671124984532,0,0.0,19857823.53684561,301917911.39976436,876049126.2536896,28729098.81012402,821917808.219178,0.18397031651327486,0.008101605864454974,0.063213201801047,0.1643835616438356,0.4196686858226124,209834342.9113062,0.0,Transport assets retained,False,0.02733163554688317,0.0006513104866966435,0.027982946033579814,6.667866099832805
Linepack without redesign,800.0,72.0,200.0,500000000.0,4109589.04109589,30.0,0,800.0,21.01325,51.93858082816981,23.411316250106665,683290.88867208,683290.88867208,3426298.15242381,2,19817.671124984532,0,0.0,19857823.53684561,301917911.39976436,876049126.2536896,28729098.81012402,685259630.4847621,0.18397031651327486,0.008101605864454974,0.063213201801047,0.1370519260969524,0.39233705027572924,196168525.13786462,0.0,Transport assets retained,True,0.02733163554688317,0.0006513104866966435,0.027982946033579814,6.667866099832805
Joint design,800.0,72.0,200.0,500000000.0,4109589.04109589,42.0,0,800.0,21.01325,29.215916513919403,44.16149540119125,2526269.277053387,2526269.277053387,1583319.7640425032,2,19817.671124984532,0,0.0,19857823.53684561,301917911.39976436,1223991150.294431,28729098.81012402,316663952.80850065,0.2570381415618305,0.008101605864454974,0.063213201801047,0.06333279056170013,0.3916857397890326,195842869.8945163,0.0,Diameter change,True,0.02733163554688317,0.0006513104866966435,0.027982946033579814,6.667866099832805
External storage only,1200.0,0.0,200.0,500000000.0,0.0,30.0,0,1200.0,,,0.0,0.0,0.0,0.0,2,19817.671124984532,0,0.0,19857823.53684561,301917911.39976436,1276277666.450836,28729098.81012402,0.0,0.26801830995467557,0.008101605864454974,0.063213201801047,0.0,0.3393331176201775,169666558.81008875,0.0,Transport assets retained,False,0.0,0.0,0.0,0.0
Linepack without redesign,1200.0,0.0,200.0,500000000.0,0.0,30.0,0,1200.0,,,0.0,0.0,0.0,0.0,2,19817.671124984532,0,0.0,19857823.53684561,301917911.39976436,1276277666.450836,28729098.81012402,0.0,0.26801830995467557,0.008101605864454974,0.063213201801047,0.0,0.3393331176201775,169666558.81008875,0.0,Transport assets retained,False,0.0,0.0,0.0,0.0
Joint design,1200.0,0.0,200.0,500000000.0,0.0,30.0,0,1200.0,,,0.0,0.0,0.0,0.0,2,19817.671124984532,0,0.0,19857823.53684561,301917911.39976436,1276277666.450836,28729098.81012402,0.0,0.26801830995467557,0.008101605864454974,0.063213201801047,0.0,0.3393331176201775,169666558.81008875,0.0,Transport assets retained,False,0.0,0.0,0.0,0.0
External storage only,1200.0,6.0,200.0,500000000.0,342465.7534246575,30.0,0,1200.0,,,0.0,0.0,0.0,342465.7534246575,2,19817.671124984532,0,0.0,19857823.53684561,301917911.39976436,1276277666.450836,28729098.81012402,68493150.6849315,0.26801830995467557,0.008101605864454974,0.063213201801047,0.0136986301369863,0.35303174775716384,176515873.8785819,0.0,Transport assets retained,False,0.013698630120132615,0.0,0.013698630120132615,3.88028278112691
Linepack without redesign,1200.0,6.0,200.0,500000000.0,342465.7534246575,30.0,0,1200.0,28.410116524481694,64.73966307648945,7.822509350273954,342465.7530033147,342465.7530033147,0.00042134278919547796,2,19817.671124984532,0,0.0,19857823.53684561,301917911.39976436,1276277666.450836,28729098.81012402,0.08426855783909559,0.26801830995467557,0.008101605864454974,0.063213201801047,1.685371156781912e-11,0.3393331176370312,169666558.8185156,0.0,Transport assets retained,True,0.013698630120132615,0.0,0.013698630120132615,3.88028278112691
Joint design,1200.0,6.0,200.0,500000000.0,342465.7534246575,30.0,0,1200.0,28.410116524481694,64.73966307648945,7.822509350273954,342465.7530033147,342465.7530033147,0.00042134278919547796,2,19817.671124984532,0,0.0,19857823.53684561,301917911.39976436,1276277666.450836,28729098.81012402,0.08426855783909559,0.26801830995467557,0.008101605864454974,0.063213201801047,1.685371156781912e-11,0.3393331176370312,169666558.8185156,0.0,Transport assets retained,True,0.013698630120132615,0.0,0.013698630120132615,3.88028278112691
External storage only,1200.0,12.0,200.0,500000000.0,684931.506849315,30.0,0,1200.0,,,0.0,0.0,0.0,684931.506849315,2,19817.671124984532,0,0.0,19857823.53684561,301917911.39976436,1276277666.450836,28729098.81012402,136986301.369863,0.26801830995467557,0.008101605864454974,0.063213201801047,0.0273972602739726,0.36673037789415014,183365188.94707507,0.0,Transport assets retained,False,0.02096503485764223,0.0,0.02096503485764223,5.716743450059486
Linepack without redesign,1200.0,12.0,200.0,500000000.0,684931.506849315,30.0,0,1200.0,21.01325,61.851806197436495,11.97194024252829,524125.87144105503,524125.87144105503,160805.63540826,2,19817.671124984532,0,0.0,19857823.53684561,301917911.39976436,1276277666.450836,28729098.81012402,32161127.081651997,0.26801830995467557,0.008101605864454974,0.063213201801047,0.0064322254163304,0.3457653430365079,172882671.51825395,0.0,Transport assets retained,True,0.02096503485764223,0.0,0.02096503485764223,5.716743450059486
Joint design,1200.0,12.0,200.0,500000000.0,684931.506849315,30.0,0,1200.0,21.01325,61.851806197436495,11.97194024252829,524125.87144105503,524125.87144105503,160805.63540826,2,19817.671124984532,0,0.0,19857823.53684561,301917911.39976436,1276277666.450836,28729098.81012402,32161127.081651997,0.26801830995467557,0.008101605864454974,0.063213201801047,0.0064322254163304,0.3457653430365079,172882671.51825395,0.0,Transport assets retained,True,0.02096503485764223,0.0,0.02096503485764223,5.716743450059486
External storage only,1200.0,24.0,200.0,500000000.0,1369863.01369863,30.0,0,1200.0,,,0.0,0.0,0.0,1369863.01369863,2,19817.671124984532,0,0.0,19857823.53684561,301917911.39976436,1276277666.450836,28729098.81012402,273972602.739726,0.26801830995467557,0.008101605864454974,0.063213201801047,0.0547945205479452,0.3941276381681227,197063819.08406135,0.0,Transport assets retained,False,0.02096503485764223,0.0,0.02096503485764223,5.319351607790366
Linepack without redesign,1200.0,24.0,200.0,500000000.0,1369863.01369863,30.0,0,1200.0,21.01325,61.851806197436495,11.97194024252829,524125.87144105503,524125.87144105503,845737.142257575,2,19817.671124984532,0,0.0,19857823.53684561,301917911.39976436,1276277666.450836,28729098.81012402,169147428.451515,0.26801830995467557,0.008101605864454974,0.063213201801047,0.033829485690302995,0.37316260331048046,186581301.65524024,0.0,Transport assets retained,True,0.02096503485764223,0.0,0.02096503485764223,5.319351607790366
Joint design,1200.0,24.0,200.0,500000000.0,1369863.01369863,30.0,0,1200.0,21.01325,61.851806197436495,11.97194024252829,524125.87144105503,524125.87144105503,845737.142257575,2,19817.671124984532,0,0.0,19857823.53684561,301917911.39976436,1276277666.450836,28729098.81012402,169147428.451515,0.26801830995467557,0.008101605864454974,0.063213201801047,0.033829485690302995,0.37316260331048046,186581301.65524024,0.0,Transport assets retained,True,0.02096503485764223,0.0,0.02096503485764223,5.319351607790366
External storage only,1200.0,36.0,200.0,500000000.0,2054794.520547945,30.0,0,1200.0,,,0.0,0.0,0.0,2054794.520547945,2,19817.671124984532,0,0.0,19857823.53684561,301917911.39976436,1276277666.450836,28729098.81012402,410958904.109589,0.26801830995467557,0.008101605864454974,0.063213201801047,0.0821917808219178,0.4215248984420953,210762449.22104764,0.0,Transport assets retained,False,0.020965034857642173,0.0,0.020965034857642173,4.973617201528638
Linepack without redesign,1200.0,36.0,200.0,500000000.0,2054794.520547945,30.0,0,1200.0,21.01325,61.851806197436495,11.97194024252829,524125.87144105503,524125.87144105503,1530668.64910689,2,19817.671124984532,0,0.0,19857823.53684561,301917911.39976436,1276277666.450836,28729098.81012402,306133729.821378,0.26801830995467557,0.008101605864454974,0.063213201801047,0.061226745964275596,0.4005598635844531,200279931.79222655,0.0,Transport assets retained,True,0.020965034857642173,0.0,0.020965034857642173,4.973617201528638
Joint design,1200.0,36.0,200.0,500000000.0,2054794.520547945,30.0,0,1200.0,21.01325,61.851806197436495,11.97194024252829,524125.87144105503,524125.87144105503,1530668.64910689,2,19817.671124984532,0,0.0,19857823.53684561,301917911.39976436,1276277666.450836,28729098.81012402,306133729.821378,0.26801830995467557,0.008101605864454974,0.063213201801047,0.061226745964275596,0.4005598635844531,200279931.79222655,0.0,Transport assets retained,True,0.020965034857642173,0.0,0.020965034857642173,4.973617201528638
External storage only,1200.0,48.0,200.0,500000000.0,2739726.02739726,30.0,0,1200.0,,,0.0,0.0,0.0,2739726.02739726,2,19817.671124984532,0,0.0,19857823.53684561,301917911.39976436,1276277666.450836,28729098.81012402,547945205.479452,0.26801830995467557,0.008101605864454974,0.063213201801047,0.1095890410958904,0.4489221587160679,224461079.35803396,0.0,Transport assets retained,False,0.020965034857642173,0.0,0.020965034857642173,4.670082429792029
Linepack without redesign,1200.0,48.0,200.0,500000000.0,2739726.02739726,30.0,0,1200.0,21.01325,61.851806197436495,11.97194024252829,524125.87144105503,524125.87144105503,2215600.155956205,2,19817.671124984532,0,0.0,19857823.53684561,301917911.39976436,1276277666.450836,28729098.81012402,443120031.191241,0.26801830995467557,0.008101605864454974,0.063213201801047,0.08862400623824822,0.4279571238584257,213978561.92921287,0.0,Transport assets retained,True,0.020965034857642173,0.0,0.020965034857642173,4.670082429792029
Joint design,1200.0,48.0,200.0,500000000.0,2739726.02739726,30.0,0,1200.0,21.01325,61.851806197436495,11.97194024252829,524125.87144105503,524125.87144105503,2215600.155956205,2,19817.671124984532,0,0.0,19857823.53684561,301917911.39976436,1276277666.450836,28729098.81012402,443120031.191241,0.26801830995467557,0.008101605864454974,0.063213201801047,0.08862400623824822,0.4279571238584257,213978561.92921287,0.0,Transport assets retained,True,0.020965034857642173,0.0,0.020965034857642173,4.670082429792029
External storage only,1200.0,72.0,200.0,500000000.0,4109589.04109589,30.0,0,1200.0,,,0.0,0.0,0.0,4109589.04109589,2,19817.671124984532,0,0.0,19857823.53684561,301917911.39976436,1276277666.450836,28729098.81012402,821917808.219178,0.26801830995467557,0.008101605864454974,0.063213201801047,0.1643835616438356,0.5037166792640131,251858339.63200656,0.0,Transport assets retained,False,0.02096503485764223,0.015533776068893168,0.0364988109265354,7.245900806751978
Linepack without redesign,1200.0,72.0,200.0,500000000.0,4109589.04109589,30.0,0,1200.0,21.01325,61.851806197436495,11.97194024252829,524125.87144105503,524125.87144105503,3585463.169654835,2,19817.671124984532,0,0.0,19857823.53684561,301917911.39976436,1276277666.450836,28729098.81012402,717092633.930967,0.26801830995467557,0.008101605864454974,0.063213201801047,0.1434185267861934,0.48275164440637086,241375822.20318544,0.0,Transport assets retained,True,0.02096503485764223,0.015533776068893168,0.0364988109265354,7.245900806751978
Joint design,1200.0,72.0,200.0,500000000.0,4109589.04109589,42.0,0,1200.0,21.01325,32.5511340638266,41.52894681903439,3563510.5255453098,3563510.5255453098,546078.5155505803,2,19817.671124984532,0,0.0,19857823.53684561,301917911.39976436,1781237714.5235832,28729098.81012402,109215703.11011606,0.37405992004995253,0.008101605864454974,0.063213201801047,0.021843140622023215,0.4672178683374777,233608934.16873884,0.0,Diameter change,True,0.02096503485764223,0.015533776068893168,0.0364988109265354,7.245900806751978
External storage only,1600.0,0.0,200.0,500000000.0,0.0,30.0,1,800.0,,,0.0,0.0,0.0,0.0,2,19817.671124984532,1,4916.8681483076125,26167683.372307286,376825328.75485075,1667491341.3942056,37857822.62795118,0.0,0.35017318169278316,0.010675905981082234,0.07889672871638993,0.0,0.4397458163902554,219872908.1951277,0.0,Transport assets retained,False,0.0,0.0,0.0,0.0
Linepack without redesign,1600.0,0.0,200.0,500000000.0,0.0,30.0,1,800.0,,,0.0,0.0,0.0,0.0,2,19817.671124984532,1,4916.8681483076125,26167683.372307286,376825328.75485075,1667491341.3942056,37857822.62795118,0.0,0.35017318169278316,0.010675905981082234,0.07889672871638993,0.0,0.4397458163902554,219872908.1951277,0.0,Transport assets retained,False,0.0,0.0,0.0,0.0
Joint design,1600.0,0.0,200.0,500000000.0,0.0,30.0,1,800.0,,,0.0,0.0,0.0,0.0,2,19817.671124984532,1,4916.8681483076125,26167683.372307286,376825328.75485075,1667491341.3942056,37857822.62795118,0.0,0.35017318169278316,0.010675905981082234,0.07889672871638993,0.0,0.4397458163902554,219872908.1951277,0.0,Transport assets retained,False,0.0,0.0,0.0,0.0
External storage only,1600.0,6.0,200.0,500000000.0,342465.7534246575,30.0,1,800.0,,,0.0,0.0,0.0,342465.7534246575,2,19817.671124984532,1,4916.8681483076125,26167683.372307286,376825328.75485075,1667491341.3942056,37857822.62795118,68493150.6849315,0.35017318169278316,0.010675905981082234,0.07889672871638993,0.0136986301369863,0.4534444465272417,226722223.26362085,0.0,Transport assets retained,False,0.002078681376749325,0.008019133411498125,0.01009781478824745,2.2269133221462445
Linepack without redesign,1600.0,6.0,200.0,500000000.0,342465.7534246575,30.0,1,800.0,51.41735684348515,69.9986006120988,0.8902626228047552,51967.03441952149,51967.03441952149,290498.719005136,2,19817.671124984532,1,4916.8681483076125,26167683.372307286,376825328.7550016,1667491341.3942056,37857822.62795118,58099743.8010272,0.35017318169278316,0.010675905981082234,0.07889672871642152,0.01161994876020544,0.45136576515049237,225682882.57524619,0.0,Transport assets retained,True,0.002078681376749325,0.008019133411498125,0.01009781478824745,2.2269133221462445
Joint design,1600.0,6.0,200.0,500000000.0,342465.7534246575,30.0,1,800.0,45.44162024215761,65.73431640409974,5.86688202323915,342465.7536181944,342465.7534246575,0.0,2,19817.671124984532,1,5913.445783367643,27202028.336728595,392007972.3776784,1667491341.3942056,39354250.40270088,0.0,0.35017318169278316,0.01109789861356165,0.0820755514326494,0.0,0.44334663173899425,221673315.86949712,0.0,Compressor resize,True,0.002078681376749325,0.008019133411498125,0.01009781478824745,2.2269133221462445
External storage only,1600.0,12.0,200.0,500000000.0,684931.506849315,30.0,1,800.0,,,0.0,0.0,0.0,684931.506849315,2,19817.671124984532,1,4916.8681483076125,26167683.372307286,376825328.75485075,1667491341.3942056,37857822.62795118,136986301.369863,0.35017318169278316,0.010675905981082234,0.07889672871638993,0.0273972602739726,0.46714307666422794,233571538.33211398,0.0,Transport assets retained,False,0.0020786813767492696,0.015676841428237664,0.017755522804986934,3.8008746553144808
Linepack without redesign,1600.0,12.0,200.0,500000000.0,684931.506849315,30.0,1,800.0,51.41735684348515,69.9986006120988,0.8902626228047552,51967.03441952149,51967.03441952149,632964.4724297936,2,19817.671124984532,1,4916.8681483076125,26167683.372307286,376825328.7550016,1667491341.3942056,37857822.62795118,126592894.48595871,0.35017318169278316,0.010675905981082234,0.07889672871642152,0.025318578897191746,0.46506439528747867,232532197.64373934,0.0,Transport assets retained,True,0.0020786813767492696,0.015676841428237664,0.017755522804986934,3.8008746553144808
Joint design,1600.0,12.0,200.0,500000000.0,684931.506849315,30.0,1,800.0,38.0591784721335,60.865101403477006,11.733764032321282,684931.5064100054,684931.5064100054,0.0004393096314743161,2,19817.671124984532,1,7592.876519534109,28878520.257435404,417593734.5495362,1667491341.3942056,41779697.579980575,0.08786192629486322,0.35017318169278316,0.011781874717554522,0.0874324974313309,1.7572385258972644e-11,0.449387553859241,224693776.9296205,0.0,Compressor resize,True,0.0020786813767492696,0.015676841428237664,0.017755522804986934,3.8008746553144808
External storage only,1600.0,24.0,200.0,500000000.0,1369863.01369863,30.0,1,800.0,,,0.0,0.0,0.0,1369863.01369863,2,19817.671124984532,1,4916.8681483076125,26167683.372307286,376825328.75485075,1667491341.3942056,37857822.62795118,273972602.739726,0.35017318169278316,0.010675905981082234,0.07889672871638993,0.0547945205479452,0.4945403369382006,247270168.4691003,0.0,Transport assets retained,False,0.002078681376749325,0.021503022686648943,0.023581704063398268,4.7684086215084855
Linepack without redesign,1600.0,24.0,200.0,500000000.0,1369863.01369863,30.0,1,800.0,51.41735684348515,69.9986006120988,0.8902626228047552,51967.03441952149,51967.03441952149,1317895.9792791086,2,19817.671124984532,1,4916.8681483076125,26167683.372307286,376825328.7550016,1667491341.3942056,37857822.62795118,263579195.85582173,0.35017318169278316,0.010675905981082234,0.07889672871642152,0.05271583917116435,0.4924616555614513,246230827.78072563,0.0,Transport assets retained,True,0.002078681376749325,0.021503022686648943,0.023581704063398268,4.7684086215084855
Joint design,1600.0,24.0,200.0,500000000.0,1369863.01369863,30.0,1,800.0,25.686812757470772,53.99881343621536,20.55284295162859,1199724.9684833088,1199724.9684833088,170138.04521532124,2,19817.671124984532,2,11726.168701059047,32754766.91326085,480563542.39329004,1667491341.3942056,47387616.94642045,34027609.04306425,0.35017318169278316,0.01336330797889057,0.10061662139451578,0.00680552180861285,0.47095863287480233,235479316.43740118,0.0,Compressor resize,True,0.002078681376749325,0.021503022686648943,0.023581704063398268,4.7684086215084855
External storage only,1600.0,36.0,200.0,500000000.0,2054794.520547945,30.0,1,800.0,,,0.0,0.0,0.0,2054794.520547945,2,19817.671124984532,1,4916.8681483076125,26167683.372307286,376825328.75485075,1667491341.3942056,37857822.62795118,410958904.109589,0.35017318169278316,0.010675905981082234,0.07889672871638993,0.0821917808219178,0.5219375972121733,260968798.6060866,0.0,Transport assets retained,False,0.0020786813767493806,0.021503022686648887,0.023581704063398268,4.518107948029667
Linepack without redesign,1600.0,36.0,200.0,500000000.0,2054794.520547945,30.0,1,800.0,51.41735684348515,69.9986006120988,0.8902626228047552,51967.03441952149,51967.03441952149,2002827.4861284236,2,19817.671124984532,1,4916.8681483076125,26167683.372307286,376825328.7550016,1667491341.3942056,37857822.62795118,400565497.2256847,0.35017318169278316,0.010675905981082234,0.07889672871642152,0.08011309944513695,0.5198589158354239,259929457.91771194,0.0,Transport assets retained,True,0.0020786813767493806,0.021503022686648887,0.023581704063398268,4.518107948029667
Joint design,1600.0,36.0,200.0,500000000.0,2054794.520547945,30.0,1,800.0,25.686812757470772,53.99881343621536,20.55284295162859,1199724.9684833088,1199724.9684833088,855069.5520646363,2,19817.671124984532,2,11726.168701059047,32754766.91326085,480563542.39329004,1667491341.3942056,47387616.94642045,171013910.41292724,0.35017318169278316,0.01336330797889057,0.10061662139451578,0.034202782082585446,0.498355893148775,249177946.5743875,0.0,Compressor resize,True,0.0020786813767493806,0.021503022686648887,0.023581704063398268,4.518107948029667
External storage only,1600.0,48.0,200.0,500000000.0,2739726.02739726,30.0,1,800.0,,,0.0,0.0,0.0,2739726.02739726,2,19817.671124984532,1,4916.8681483076125,26167683.372307286,376825328.75485075,1667491341.3942056,37857822.62795118,547945205.479452,0.35017318169278316,0.010675905981082234,0.07889672871638993,0.1095890410958904,0.5493348574861457,274667428.74307287,0.0,Transport assets retained,False,0.0020786813767492696,0.02150302268664883,0.0235817040633981,4.29277402335475
Linepack without redesign,1600.0,48.0,200.0,500000000.0,2739726.02739726,30.0,1,800.0,51.41735684348515,69.9986006120988,0.8902626228047552,51967.03441952149,51967.03441952149,2687758.9929777384,2,19817.671124984532,1,4916.8681483076125,26167683.372307286,376825328.7550016,1667491341.3942056,37857822.62795118,537551798.5955477,0.35017318169278316,0.010675905981082234,0.07889672871642152,0.10751035971910954,0.5472561761093965,273628088.0546982,0.0,Transport assets retained,True,0.0020786813767492696,0.02150302268664883,0.0235817040633981,4.29277402335475
Joint design,1600.0,48.0,200.0,500000000.0,2739726.02739726,30.0,1,800.0,25.686812757470772,53.99881343621536,20.55284295162859,1199724.9684833088,1199724.9684833088,1540001.0589139513,2,19817.671124984532,2,11726.168701059047,32754766.91326085,480563542.39329004,1667491341.3942056,47387616.94642045,308000211.78279024,0.35017318169278316,0.01336330797889057,0.10061662139451578,0.061600042356558055,0.5257531534227476,262876576.7113738,0.0,Compressor resize,True,0.0020786813767492696,0.02150302268664883,0.0235817040633981,4.29277402335475
External storage only,1600.0,72.0,200.0,500000000.0,4109589.04109589,30.0,1,800.0,,,0.0,0.0,0.0,4109589.04109589,2,19817.671124984532,1,4916.8681483076125,26167683.372307286,376825328.75485075,1667491341.3942056,37857822.62795118,821917808.219178,0.35017318169278316,0.010675905981082234,0.07889672871638993,0.1643835616438356,0.604129378034091,302064689.0170455,0.0,Transport assets retained,False,0.0020786813767492696,0.04241383483825545,0.04449251621500472,7.364733090747659
Linepack without redesign,1600.0,72.0,200.0,500000000.0,4109589.04109589,30.0,1,800.0,51.41735684348515,69.9986006120988,0.8902626228047552,51967.03441952149,51967.03441952149,4057622.0066763684,2,19817.671124984532,1,4916.8681483076125,26167683.372307286,376825328.7550016,1667491341.3942056,37857822.62795118,811524401.3352737,0.35017318169278316,0.010675905981082234,0.07889672871642152,0.16230488026705478,0.6020506966573417,301025348.32867086,0.0,Transport assets retained,True,0.0020786813767492696,0.04241383483825545,0.04449251621500472,7.364733090747659
Joint design,1600.0,72.0,200.0,500000000.0,4109589.04109589,42.0,0,1600.0,25.044535650593833,38.09534053300328,35.91968583894395,4109589.041402159,4109589.04109589,0.0,2,19817.671124984532,0,0.0,19857823.53684561,301917911.39976436,2325343115.0170674,28729098.81012402,0.0,0.4883220541535842,0.008101605864454974,0.063213201801047,0.0,0.5596368618190862,279818430.9095431,0.0,Diameter change,True,0.0020786813767492696,0.04241383483825545,0.04449251621500472,7.364733090747659
External storage only,2000.0,0.0,200.0,500000000.0,0.0,30.0,1,1000.0,,,0.0,0.0,0.0,0.0,2,19817.671124984532,1,6923.938923395723,28219558.53854778,407402615.6935844,2052252879.275636,40826351.595266536,0.0,0.4309731046478836,0.011513031149865164,0.08529876098014452,0.0,0.5277848967778932,263892448.38894662,0.0,Transport assets retained,False,0.0,0.0,0.0,0.0
Linepack without redesign,2000.0,0.0,200.0,500000000.0,0.0,30.0,1,1000.0,,,0.0,0.0,0.0,0.0,2,19817.671124984532,1,6923.938923395723,28219558.53854778,407402615.6935844,2052252879.275636,40826351.595266536,0.0,0.4309731046478836,0.011513031149865164,0.08529876098014452,0.0,0.5277848967778932,263892448.38894662,0.0,Transport assets retained,False,0.0,0.0,0.0,0.0
Joint design,2000.0,0.0,200.0,500000000.0,0.0,30.0,1,1000.0,,,0.0,0.0,0.0,0.0,2,19817.671124984532,1,6923.938923395723,28219558.53854778,407402615.6935844,2052252879.275636,40826351.595266536,0.0,0.4309731046478836,0.011513031149865164,0.08529876098014452,0.0,0.5277848967778932,263892448.38894662,0.0,Transport assets retained,False,0.0,0.0,0.0,0.0
External storage only,2000.0,6.0,200.0,500000000.0,342465.7534246575,30.0,1,1000.0,,,0.0,0.0,0.0,342465.7534246575,2,19817.671124984532,1,6923.938923395723,28219558.53854778,407402615.6935844,2052252879.275636,40826351.595266536,68493150.6849315,0.4309731046478836,0.011513031149865164,0.08529876098014452,0.0136986301369863,0.5414835269148796,270741763.4574398,0.0,Transport assets retained,False,0.002487247665732939,0.0069773490703838315,0.00946459673611677,1.7479011393091912
Linepack without redesign,2000.0,6.0,200.0,500000000.0,342465.7534246575,30.0,1,1000.0,45.607413817751265,70.00078980801499,0.8521954947872743,62181.19164411427,62181.19164411427,280284.56178054324,2,19817.671124984532,1,6923.938923395723,28219558.53854778,407402615.6937352,2052252879.275636,40826351.595266536,56056912.35610865,0.4309731046478836,0.011513031149865164,0.08529876098017608,0.01121138247122173,0.5389962792491466,269498139.6245733,0.0,Transport assets retained,True,0.002487247665732939,0.0069773490703838315,0.00946459673611677,1.7479011393091912
Joint design,2000.0,6.0,200.0,500000000.0,342465.7534246575,30.0,1,1000.0,40.638237481951364,66.86957996160707,4.6935056059853295,342465.75269838725,342465.75269838725,0.0007262702565640211,2,19817.671124984532,1,8103.5874767343685,29374667.946237903,425374304.958361,2052252879.275636,42497494.067071624,0.14525405131280422,0.4309731046478836,0.011984293326914199,0.08906153217491412,2.9050810262560844e-11,0.5320189301787628,266009465.08938137,0.0,Compressor resize,True,0.002487247665732939,0.0069773490703838315,0.00946459673611677,1.7479011393091912
External storage only,2000.0,12.0,200.0,500000000.0,684931.506849315,30.0,1,1000.0,,,0.0,0.0,0.0,684931.506849315,2,19817.671124984532,1,6923.938923395723,28219558.53854778,407402615.6935844,2052252879.275636,40826351.595266536,136986301.369863,0.4309731046478836,0.011513031149865164,0.08529876098014452,0.0273972602739726,0.5551821570518658,277591078.5259329,0.0,Transport assets retained,False,0.002487247665732939,0.01353337695678336,0.0160206246225163,2.8856519286551268
Linepack without redesign,2000.0,12.0,200.0,500000000.0,684931.506849315,30.0,1,1000.0,45.607413817751265,70.00078980801499,0.8521954947872743,62181.19164411427,62181.19164411427,622750.3152052008,2,19817.671124984532,1,6923.938923395723,28219558.53854778,407402615.6937352,2052252879.275636,40826351.595266536,124550063.04104017,0.4309731046478836,0.011513031149865164,0.08529876098017608,0.024910012608208035,0.5526949093861329,276347454.6930664,0.0,Transport assets retained,True,0.002487247665732939,0.01353337695678336,0.0160206246225163,2.8856519286551268
Joint design,2000.0,12.0,200.0,500000000.0,684931.506849315,30.0,1,1000.0,34.212767021494045,63.17109945116767,9.387011243944087,684931.5077297437,684931.506849315,0.0,2,19817.671124984532,1,10100.992177739816,31265449.90099939,455804331.35976577,2052252879.275636,45232963.11311044,0.0,0.4309731046478836,0.012755695597897144,0.09543273218356882,0.0,0.5391615324293495,269580766.2146748,0.0,Compressor resize,True,0.002487247665732939,0.01353337695678336,0.0160206246225163,2.8856519286551268
External storage only,2000.0,24.0,200.0,500000000.0,1369863.01369863,30.0,1,1000.0,,,0.0,0.0,0.0,1369863.01369863,2,19817.671124984532,1,6923.938923395723,28219558.53854778,407402615.6935844,2052252879.275636,40826351.595266536,273972602.739726,0.4309731046478836,0.011513031149865164,0.08529876098014452,0.0547945205479452,0.5825794173258384,291289708.6629192,0.0,Transport assets retained,False,0.002487247665732939,0.019643160700987594,0.022130408366720533,3.798693827582125
Linepack without redesign,2000.0,24.0,200.0,500000000.0,1369863.01369863,30.0,1,1000.0,45.607413817751265,70.00078980801499,0.8521954947872743,62181.19164411427,62181.19164411427,1307681.8220545158,2,19817.671124984532,1,6923.938923395723,28219558.53854778,407402615.6937352,2052252879.275636,40826351.595266536,261536364.41090316,0.4309731046478836,0.011513031149865164,0.08529876098017608,0.05230727288218063,0.5800921696601055,290046084.83005273,0.0,Transport assets retained,True,0.002487247665732939,0.019643160700987594,0.022130408366720533,3.798693827582125
Joint design,2000.0,24.0,200.0,500000000.0,1369863.01369863,30.0,3,500.0,38.852479862229615,54.032882402719366,18.77402245258643,1369863.0128836646,1369863.0128836646,0.0008149654604494572,2,19817.671124984532,1,5228.975383855538,39770277.0826092,540904821.1175444,2052252879.275636,57537233.0151034,0.16299309208989143,0.4309731046478836,0.01622549971025916,0.1132504045683765,3.2598618417978286e-11,0.5604490089591179,280224504.47955894,0.0,Station-count change,True,0.002487247665732939,0.019643160700987594,0.022130408366720533,3.798693827582125
External storage only,2000.0,36.0,200.0,500000000.0,2054794.520547945,30.0,1,1000.0,,,0.0,0.0,0.0,2054794.520547945,2,19817.671124984532,1,6923.938923395723,28219558.53854778,407402615.6935844,2052252879.275636,40826351.595266536,410958904.109589,0.4309731046478836,0.011513031149865164,0.08529876098014452,0.0821917808219178,0.6099766775998111,304988338.79990554,0.0,Transport assets retained,False,0.00248724766573305,0.01995162194351352,0.02243886960924657,3.678643861850747
Linepack without redesign,2000.0,36.0,200.0,500000000.0,2054794.520547945,30.0,1,1000.0,45.607413817751265,70.00078980801499,0.8521954947872743,62181.19164411427,62181.19164411427,1992613.3289038308,2,19817.671124984532,1,6923.938923395723,28219558.53854778,407402615.6937352,2052252879.275636,40826351.595266536,398522665.7807662,0.4309731046478836,0.011513031149865164,0.08529876098017608,0.07970453315615325,0.6074894299340781,303744714.96703905,0.0,Transport assets retained,True,0.00248724766573305,0.01995162194351352,0.02243886960924657,3.678643861850747
Joint design,2000.0,36.0,200.0,500000000.0,2054794.520547945,30.0,4,400.0,39.25185639050849,51.65982947650928,21.01736873174432,1533550.7415347626,1533550.7415347626,521243.7790131825,2,19817.671124984532,1,4321.65382490593,42555843.10591299,565275737.5296841,2052252879.275636,61567221.56732975,104248755.8026365,0.4309731046478836,0.017361956481986993,0.11835299570016661,0.020849751160527303,0.5875378079905645,293768903.9952823,0.0,Station-count change,True,0.00248724766573305,0.01995162194351352,0.02243886960924657,3.678643861850747
External storage only,2000.0,48.0,200.0,500000000.0,2739726.02739726,30.0,1,1000.0,,,0.0,0.0,0.0,2739726.02739726,2,19817.671124984532,1,6923.938923395723,28219558.53854778,407402615.6935844,2052252879.275636,40826351.595266536,547945205.479452,0.4309731046478836,0.011513031149865164,0.08529876098014452,0.1095890410958904,0.6373739378737836,318686968.9368918,0.0,Transport assets retained,False,0.002487247665732828,0.01995162194351363,0.02243886960924646,3.5205188470837556
Linepack without redesign,2000.0,48.0,200.0,500000000.0,2739726.02739726,30.0,1,1000.0,45.607413817751265,70.00078980801499,0.8521954947872743,62181.19164411427,62181.19164411427,2677544.8357531456,2,19817.671124984532,1,6923.938923395723,28219558.53854778,407402615.6937352,2052252879.275636,40826351.595266536,535508967.1506291,0.4309731046478836,0.011513031149865164,0.08529876098017608,0.10710179343012584,0.6348866902080508,317443345.10402536,0.0,Transport assets retained,True,0.002487247665732828,0.01995162194351363,0.02243886960924646,3.5205188470837556
Joint design,2000.0,48.0,200.0,500000000.0,2739726.02739726,30.0,4,400.0,39.25185639050849,51.65982947650928,21.01736873174432,1533550.7415347626,1533550.7415347626,1206175.2858624975,2,19817.671124984532,1,4321.65382490593,42555843.10591299,565275737.5296841,2052252879.275636,61567221.56732975,241235057.1724995,0.4309731046478836,0.017361956481986993,0.11835299570016661,0.04824701143449991,0.6149350682645371,307467534.13226855,0.0,Station-count change,True,0.002487247665732828,0.01995162194351363,0.02243886960924646,3.5205188470837556
External storage only,2000.0,72.0,200.0,500000000.0,4109589.04109589,30.0,1,1000.0,,,0.0,0.0,0.0,4109589.04109589,2,19817.671124984532,1,6923.938923395723,28219558.53854778,407402615.6935844,2052252879.275636,40826351.595266536,821917808.219178,0.4309731046478836,0.011513031149865164,0.08529876098014452,0.1643835616438356,0.6921684584217288,346084229.2108644,0.0,Transport assets retained,False,0.002487247665732939,0.01995162194351352,0.02243886960924646,3.2418220356950678
Linepack without redesign,2000.0,72.0,200.0,500000000.0,4109589.04109589,30.0,1,1000.0,45.607413817751265,70.00078980801499,0.8521954947872743,62181.19164411427,62181.19164411427,4047407.8494517757,2,19817.671124984532,1,6923.938923395723,28219558.53854778,407402615.6937352,2052252879.275636,40826351.595266536,809481569.8903551,0.4309731046478836,0.011513031149865164,0.08529876098017608,0.16189631397807103,0.6896812107559959,344840605.37799793,0.0,Transport assets retained,True,0.002487247665732939,0.01995162194351352,0.02243886960924646,3.2418220356950678
Joint design,2000.0,72.0,200.0,500000000.0,4109589.04109589,30.0,4,400.0,39.25185639050849,51.65982947650928,21.01736873174432,1533550.7415347626,1533550.7415347626,2576038.2995611276,2,19817.671124984532,1,4321.65382490593,42555843.10591299,565275737.5296841,2052252879.275636,61567221.56732975,515207659.9122255,0.4309731046478836,0.017361956481986993,0.11835299570016661,0.1030415319824451,0.6697295888124823,334864794.4062412,0.0,Station-count change,True,0.002487247665732939,0.01995162194351352,0.02243886960924646,3.2418220356950678
External storage only,400.0,0.0,600.0,500000000.0,0.0,24.0,0,400.0,,,0.0,0.0,0.0,0.0,2,19817.671124984532,0,0.0,19857823.53684561,301917911.39976436,382567650.14176935,28729098.81012402,0.0,0.08033920652977157,0.008101605864454974,0.063213201801047,0.0,0.15165401419527352,75827007.09763676,0.0,Transport assets retained,False,0.0,0.0,0.0,0.0
Linepack without redesign,400.0,0.0,600.0,500000000.0,0.0,24.0,0,400.0,,,0.0,0.0,0.0,0.0,2,19817.671124984532,0,0.0,19857823.53684561,301917911.39976436,382567650.14176935,28729098.81012402,0.0,0.08033920652977157,0.008101605864454974,0.063213201801047,0.0,0.15165401419527352,75827007.09763676,0.0,Transport assets retained,False,0.0,0.0,0.0,0.0
Joint design,400.0,0.0,600.0,500000000.0,0.0,24.0,0,400.0,,,0.0,0.0,0.0,0.0,2,19817.671124984532,0,0.0,19857823.53684561,301917911.39976436,382567650.14176935,28729098.81012402,0.0,0.08033920652977157,0.008101605864454974,0.063213201801047,0.0,0.15165401419527352,75827007.09763676,0.0,Transport assets retained,False,0.0,0.0,0.0,0.0
External storage only,400.0,6.0,600.0,500000000.0,342465.7534246575,24.0,0,400.0,,,0.0,0.0,0.0,342465.7534246575,2,19817.671124984532,0,0.0,19857823.53684561,301917911.39976436,382567650.14176935,28729098.81012402,205479452.0547945,0.08033920652977157,0.008101605864454974,0.063213201801047,0.0410958904109589,0.1927499046062324,96374952.3031162,0.0,Transport assets retained,False,0.011880041154087279,0.012718294850194878,0.024598336004282156,12.761788938123704
Linepack without redesign,400.0,6.0,600.0,500000000.0,342465.7534246575,24.0,0,400.0,21.01325,62.934121301415985,10.600025809436069,99000.3429507274,99000.3429507274,243465.41047393013,2,19817.671124984532,0,0.0,19857823.53684561,301917911.39976436,382567650.14176935,28729098.81012402,146079246.28435808,0.08033920652977157,0.008101605864454974,0.063213201801047,0.02921584925687162,0.18086986345214512,90434931.72607256,0.0,Transport assets retained,True,0.011880041154087279,0.012718294850194878,0.024598336004282156,12.761788938123704
Joint design,400.0,6.0,600.0,500000000.0,342465.7534246575,30.0,0,400.0,36.387999497887755,49.51884751182315,23.467528055353057,342465.75306943926,342465.75306943926,0.00035521824611350894,2,19817.671124984532,0,0.0,19857823.53684561,301917911.39976436,461127432.8277241,28729098.81012402,0.21313094766810536,0.09683676089382208,0.008101605864454974,0.063213201801047,4.262618953362107e-11,0.16815156860195024,84075784.30097511,0.0,Diameter change,True,0.011880041154087279,0.012718294850194878,0.024598336004282156,12.761788938123704
External storage only,400.0,12.0,600.0,500000000.0,684931.506849315,24.0,0,400.0,,,0.0,0.0,0.0,684931.506849315,2,19817.671124984532,0,0.0,19857823.53684561,301917911.39976436,382567650.14176935,28729098.81012402,410958904.109589,0.08033920652977157,0.008101605864454974,0.063213201801047,0.0821917808219178,0.23384579501719133,116922897.50859566,0.0,Transport assets retained,False,0.011880041154087279,0.03376893097226269,0.04564897212634997,19.520971981982424
Linepack without redesign,400.0,12.0,600.0,500000000.0,684931.506849315,24.0,0,400.0,21.01325,62.934121301415985,10.600025809436069,99000.3429507274,99000.3429507274,585931.1638985876,2,19817.671124984532,0,0.0,19857823.53684561,301917911.39976436,382567650.14176935,28729098.81012402,351558698.3391526,0.08033920652977157,0.008101605864454974,0.063213201801047,0.07031173966783051,0.22196575386310405,110982876.93155202,0.0,Transport assets retained,True,0.011880041154087279,0.03376893097226269,0.04564897212634997,19.520971981982424
Joint design,400.0,12.0,600.0,500000000.0,684931.506849315,30.0,0,400.0,21.01325,39.61800634816717,35.48835031641107,517887.72075333726,517887.72075333726,167043.78609597776,2,19817.671124984532,0,0.0,19857823.53684561,301917911.39976436,461127432.8277241,28729098.81012402,100226271.65758666,0.09683676089382208,0.008101605864454974,0.063213201801047,0.020045254331517336,0.18819682289084136,94098411.44542068,0.0,Diameter change,True,0.011880041154087279,0.03376893097226269,0.04564897212634997,19.520971981982424
External storage only,400.0,24.0,600.0,500000000.0,1369863.01369863,24.0,0,400.0,,,0.0,0.0,0.0,1369863.01369863,2,19817.671124984532,0,0.0,19857823.53684561,301917911.39976436,382567650.14176935,28729098.81012402,821917808.219178,0.08033920652977157,0.008101605864454974,0.063213201801047,0.1643835616438356,0.31603757583910913,158018787.91955456,0.0,Transport assets retained,False,0.01188004115408725,0.094115177837086,0.10599521899117326,33.53880269134014
Linepack without redesign,400.0,24.0,600.0,500000000.0,1369863.01369863,24.0,0,400.0,21.01325,62.934121301415985,10.600025809436069,99000.3429507274,99000.3429507274,1270862.6707479027,2,19817.671124984532,0,0.0,19857823.53684561,301917911.39976436,382567650.14176935,28729098.81012402,762517602.4487417,0.08033920652977157,0.008101605864454974,0.063213201801047,0.15250352048974833,0.3041575346850219,152078767.34251094,0.0,Transport assets retained,True,0.01188004115408725,0.094115177837086,0.10599521899117326,33.53880269134014
Joint design,400.0,24.0,600.0,500000000.0,1369863.01369863,42.0,0,400.0,21.01325,25.44726363787282,46.96099459686923,1343207.6607933505,1343207.6607933505,26655.35290527949,2,19817.671124984532,0,0.0,19857823.53684561,301917911.39976436,645375746.8276207,28729098.81012402,15993211.743167695,0.13552890683380037,0.008101605864454974,0.063213201801047,0.003198642348633539,0.21004235684793587,105021178.42396794,0.0,Diameter change,True,0.01188004115408725,0.094115177837086,0.10599521899117326,33.53880269134014
External storage only,400.0,36.0,600.0,500000000.0,2054794.520547945,24.0,0,400.0,,,0.0,0.0,0.0,2054794.520547945,2,19817.671124984532,0,0.0,19857823.53684561,301917911.39976436,382567650.14176935,28729098.81012402,1232876712.328767,0.08033920652977157,0.008101605864454974,0.063213201801047,0.24657534246575344,0.39822935666102693,199114678.33051348,0.0,Transport assets retained,False,0.011880041154087306,0.09411517783708595,0.10599521899117326,26.61662612718842
Linepack without redesign,400.0,36.0,600.0,500000000.0,2054794.520547945,24.0,0,400.0,21.01325,62.934121301415985,10.600025809436069,99000.3429507274,99000.3429507274,1955794.1775972177,2,19817.671124984532,0,0.0,19857823.53684561,301917911.39976436,382567650.14176935,28729098.81012402,1173476506.5583305,0.08033920652977157,0.008101605864454974,0.063213201801047,0.23469530131166613,0.38634931550693963,193174657.75346982,0.0,Transport assets retained,True,0.011880041154087306,0.09411517783708595,0.10599521899117326,26.61662612718842
Joint design,400.0,36.0,600.0,500000000.0,2054794.520547945,42.0,0,400.0,21.01325,25.44726363787282,46.96099459686923,1343207.6607933505,1343207.6607933505,711586.8597545945,2,19817.671124984532,0,0.0,19857823.53684561,301917911.39976436,645375746.8276207,28729098.81012402,426952115.8527567,0.13552890683380037,0.008101605864454974,0.063213201801047,0.08539042317055134,0.2922341376698537,146117068.83492684,0.0,Diameter change,True,0.011880041154087306,0.09411517783708595,0.10599521899117326,26.61662612718842
External storage only,400.0,48.0,600.0,500000000.0,2739726.02739726,24.0,0,400.0,,,0.0,0.0,0.0,2739726.02739726,2,19817.671124984532,0,0.0,19857823.53684561,301917911.39976436,382567650.14176935,28729098.81012402,1643835616.438356,0.08033920652977157,0.008101605864454974,0.063213201801047,0.3287671232876712,0.48042113748294474,240210568.74147236,0.0,Transport assets retained,False,0.01188004115408725,0.09411517783708595,0.1059952189911732,22.062979898534564
Linepack without redesign,400.0,48.0,600.0,500000000.0,2739726.02739726,24.0,0,400.0,21.01325,62.934121301415985,10.600025809436069,99000.3429507274,99000.3429507274,2640725.6844465327,2,19817.671124984532,0,0.0,19857823.53684561,301917911.39976436,382567650.14176935,28729098.81012402,1584435410.6679196,0.08033920652977157,0.008101605864454974,0.063213201801047,0.31688708213358396,0.4685410963288575,234270548.16442874,0.0,Transport assets retained,True,0.01188004115408725,0.09411517783708595,0.1059952189911732,22.062979898534564
Joint design,400.0,48.0,600.0,500000000.0,2739726.02739726,42.0,0,400.0,21.01325,25.44726363787282,46.96099459686923,1343207.6607933505,1343207.6607933505,1396518.3666039095,2,19817.671124984532,0,0.0,19857823.53684561,301917911.39976436,645375746.8276207,28729098.81012402,837911019.9623457,0.13552890683380037,0.008101605864454974,0.063213201801047,0.16758220399246918,0.37442591849177154,187212959.24588576,0.0,Diameter change,True,0.01188004115408725,0.09411517783708595,0.1059952189911732,22.062979898534564
External storage only,400.0,72.0,600.0,500000000.0,4109589.04109589,24.0,0,400.0,,,0.0,0.0,0.0,4109589.04109589,2,19817.671124984532,0,0.0,19857823.53684561,301917911.39976436,382567650.14176935,28729098.81012402,2465753424.657534,0.08033920652977157,0.008101605864454974,0.063213201801047,0.4931506849315069,0.6448046991267804,322402349.5633902,0.0,Transport assets retained,False,0.011880041154087362,0.0941151778370859,0.10599521899117326,16.438344685563877
Linepack without redesign,400.0,72.0,600.0,500000000.0,4109589.04109589,24.0,0,400.0,21.01325,62.934121301415985,10.600025809436069,99000.3429507274,99000.3429507274,4010588.698145163,2,19817.671124984532,0,0.0,19857823.53684561,301917911.39976436,382567650.14176935,28729098.81012402,2406353218.887098,0.08033920652977157,0.008101605864454974,0.063213201801047,0.48127064377741957,0.632924657972693,316462328.98634654,0.0,Transport assets retained,True,0.011880041154087362,0.0941151778370859,0.10599521899117326,16.438344685563877
Joint design,400.0,72.0,600.0,500000000.0,4109589.04109589,42.0,0,400.0,21.01325,25.44726363787282,46.96099459686923,1343207.6607933505,1343207.6607933505,2766381.3803025396,2,19817.671124984532,0,0.0,19857823.53684561,301917911.39976436,645375746.8276207,28729098.81012402,1659828828.1815238,0.13552890683380037,0.008101605864454974,0.063213201801047,0.3319657656363048,0.5388094801356071,269404740.06780356,0.0,Diameter change,True,0.011880041154087362,0.0941151778370859,0.10599521899117326,16.438344685563877
External storage only,800.0,0.0,600.0,500000000.0,0.0,30.0,0,800.0,,,0.0,0.0,0.0,0.0,2,19817.671124984532,0,0.0,19857823.53684561,301917911.39976436,876049126.2536896,28729098.81012402,0.0,0.18397031651327486,0.008101605864454974,0.063213201801047,0.0,0.25528512417877686,127642562.08938842,0.0,Transport assets retained,False,0.0,0.0,0.0,0.0
Linepack without redesign,800.0,0.0,600.0,500000000.0,0.0,30.0,0,800.0,,,0.0,0.0,0.0,0.0,2,19817.671124984532,0,0.0,19857823.53684561,301917911.39976436,876049126.2536896,28729098.81012402,0.0,0.18397031651327486,0.008101605864454974,0.063213201801047,0.0,0.25528512417877686,127642562.08938842,0.0,Transport assets retained,False,0.0,0.0,0.0,0.0
Joint design,800.0,0.0,600.0,500000000.0,0.0,30.0,0,800.0,,,0.0,0.0,0.0,0.0,2,19817.671124984532,0,0.0,19857823.53684561,301917911.39976436,876049126.2536896,28729098.81012402,0.0,0.18397031651327486,0.008101605864454974,0.063213201801047,0.0,0.25528512417877686,127642562.08938842,0.0,Transport assets retained,False,0.0,0.0,0.0,0.0
External storage only,800.0,6.0,600.0,500000000.0,342465.7534246575,30.0,0,800.0,,,0.0,0.0,0.0,342465.7534246575,2,19817.671124984532,0,0.0,19857823.53684561,301917911.39976436,876049126.2536896,28729098.81012402,205479452.0547945,0.18397031651327486,0.008101605864454974,0.063213201801047,0.0410958904109589,0.29638101458973576,148190507.29486787,0.0,Transport assets retained,False,0.041095890384600375,0.0,0.041095890384600375,13.86589840833334
Linepack without redesign,800.0,6.0,600.0,500000000.0,342465.7534246575,30.0,0,800.0,38.0591784721335,60.865101403477006,11.733764032321282,342465.7532050027,342465.7532050027,0.00021965481573715806,2,19817.671124984532,0,0.0,19857823.53684561,301917911.39976436,876049126.2536896,28729098.81012402,0.13179288944229484,0.18397031651327486,0.008101605864454974,0.063213201801047,2.6358577888458966e-11,0.2552851242051354,127642562.1025677,0.0,Transport assets retained,True,0.041095890384600375,0.0,0.041095890384600375,13.86589840833334
Joint design,800.0,6.0,600.0,500000000.0,342465.7534246575,30.0,0,800.0,38.0591784721335,60.865101403477006,11.733764032321282,342465.7532050027,342465.7532050027,0.00021965481573715806,2,19817.671124984532,0,0.0,19857823.53684561,301917911.39976436,876049126.2536896,28729098.81012402,0.13179288944229484,0.18397031651327486,0.008101605864454974,0.063213201801047,2.6358577888458966e-11,0.2552851242051354,127642562.1025677,0.0,Transport assets retained,True,0.041095890384600375,0.0,0.041095890384600375,13.86589840833334
External storage only,800.0,12.0,600.0,500000000.0,684931.506849315,30.0,0,800.0,,,0.0,0.0,0.0,684931.506849315,2,19817.671124984532,0,0.0,19857823.53684561,301917911.39976436,876049126.2536896,28729098.81012402,410958904.109589,0.18397031651327486,0.008101605864454974,0.063213201801047,0.0821917808219178,0.33747690500069466,168738452.50034732,0.0,Transport assets retained,False,0.08199490664064962,0.0,0.08199490664064962,24.296449749792757
Linepack without redesign,800.0,12.0,600.0,500000000.0,684931.506849315,30.0,0,800.0,21.01325,51.93858082816981,23.411316250106665,683290.88867208,683290.88867208,1640.61817723501,2,19817.671124984532,0,0.0,19857823.53684561,301917911.39976436,876049126.2536896,28729098.81012402,984370.906341006,0.18397031651327486,0.008101605864454974,0.063213201801047,0.0001968741812682012,0.25548199836004504,127740999.18002252,0.0,Transport assets retained,True,0.08199490664064962,0.0,0.08199490664064962,24.296449749792757
Joint design,800.0,12.0,600.0,500000000.0,684931.506849315,30.0,0,800.0,21.01325,51.93858082816981,23.411316250106665,683290.88867208,683290.88867208,1640.61817723501,2,19817.671124984532,0,0.0,19857823.53684561,301917911.39976436,876049126.2536896,28729098.81012402,984370.906341006,0.18397031651327486,0.008101605864454974,0.063213201801047,0.0001968741812682012,0.25548199836004504,127740999.18002252,0.0,Transport assets retained,True,0.08199490664064962,0.0,0.08199490664064962,24.296449749792757
External storage only,800.0,24.0,600.0,500000000.0,1369863.01369863,30.0,0,800.0,,,0.0,0.0,0.0,1369863.01369863,2,19817.671124984532,0,0.0,19857823.53684561,301917911.39976436,876049126.2536896,28729098.81012402,821917808.219178,0.18397031651327486,0.008101605864454974,0.063213201801047,0.1643835616438356,0.4196686858226124,209834342.9113062,0.0,Transport assets retained,False,0.08199490664064957,0.029351303070160983,0.11134620971081055,26.531931848228226
Linepack without redesign,800.0,24.0,600.0,500000000.0,1369863.01369863,30.0,0,800.0,21.01325,51.93858082816981,23.411316250106665,683290.88867208,683290.88867208,686572.12502655,2,19817.671124984532,0,0.0,19857823.53684561,301917911.39976436,876049126.2536896,28729098.81012402,411943275.01593,0.18397031651327486,0.008101605864454974,0.063213201801047,0.082388655003186,0.33767377918196284,168836889.59098142,0.0,Transport assets retained,True,0.08199490664064957,0.029351303070160983,0.11134620971081055,26.531931848228226
Joint design,800.0,24.0,600.0,500000000.0,1369863.01369863,36.0,0,800.0,28.209027352879595,41.12686188000967,32.593789006850365,1369863.014004375,1369863.01369863,0.0,2,19817.671124984532,0,0.0,19857823.53684561,301917911.39976436,1128607944.9823804,28729098.81012402,0.0,0.23700766844629992,0.008101605864454974,0.063213201801047,0.0,0.30832247611180186,154161238.05590093,0.0,Diameter change,True,0.08199490664064957,0.029351303070160983,0.11134620971081055,26.531931848228226
External storage only,800.0,36.0,600.0,500000000.0,2054794.520547945,30.0,0,800.0,,,0.0,0.0,0.0,2054794.520547945,2,19817.671124984532,0,0.0,19857823.53684561,301917911.39976436,876049126.2536896,28729098.81012402,1232876712.328767,0.18397031651327486,0.008101605864454974,0.063213201801047,0.24657534246575344,0.5018604666445303,250930233.32226515,0.0,Transport assets retained,False,0.08199490664064968,0.09151261075893907,0.17350751739958875,34.57286017359976
Linepack without redesign,800.0,36.0,600.0,500000000.0,2054794.520547945,30.0,0,800.0,21.01325,51.93858082816981,23.411316250106665,683290.88867208,683290.88867208,1371503.6318758652,2,19817.671124984532,0,0.0,19857823.53684561,301917911.39976436,876049126.2536896,28729098.81012402,822902179.125519,0.18397031651327486,0.008101605864454974,0.063213201801047,0.16458043582510382,0.41986556000388064,209932780.0019403,0.0,Transport assets retained,True,0.08199490664064968,0.09151261075893907,0.17350751739958875,34.57286017359976
Joint design,800.0,36.0,600.0,500000000.0,2054794.520547945,42.0,0,800.0,30.40939709633454,36.56151711770681,35.91968583370183,2054794.5204012024,2054794.5204012024,0.0001467426773160696,2,19817.671124984532,0,0.0,19857823.53684561,301917911.39976436,1223991150.294431,28729098.81012402,0.08804560638964176,0.2570381415618305,0.008101605864454974,0.063213201801047,1.7609121277928354e-11,0.32835294924494157,164176474.6224708,0.0,Diameter change,True,0.08199490664064968,0.09151261075893907,0.17350751739958875,34.57286017359976
External storage only,800.0,48.0,600.0,500000000.0,2739726.02739726,30.0,0,800.0,,,0.0,0.0,0.0,2739726.02739726,2,19817.671124984532,0,0.0,19857823.53684561,301917911.39976436,876049126.2536896,28729098.81012402,1643835616.438356,0.18397031651327486,0.008101605864454974,0.063213201801047,0.3287671232876712,0.584052247466448,292026123.73322403,0.0,Transport assets retained,False,0.08199490664064946,0.15806009955959782,0.24005500620024728,41.1016321299299
Linepack without redesign,800.0,48.0,600.0,500000000.0,2739726.02739726,30.0,0,800.0,21.01325,51.93858082816981,23.411316250106665,683290.88867208,683290.88867208,2056435.1387251802,2,19817.671124984532,0,0.0,19857823.53684561,301917911.39976436,876049126.2536896,28729098.81012402,1233861083.2351081,0.18397031651327486,0.008101605864454974,0.063213201801047,0.24677221664702165,0.5020573408257986,251028670.41289926,0.0,Transport assets retained,True,0.08199490664064946,0.15806009955959782,0.24005500620024728,41.1016321299299
Joint design,800.0,48.0,600.0,500000000.0,2739726.02739726,42.0,2,266.6666666666667,21.066310422457008,24.106578677695506,47.892914445251186,2739726.0272196466,2739726.0272196466,0.00017761345952749252,2,19817.671124984532,1,2058.0078935654665,26023007.67715147,364624517.13066345,1223991150.294431,37648514.57695342,0.10656807571649551,0.2570381415618305,0.010616881110700865,0.07634221857235575,2.1313615143299103e-11,0.34399724126620074,171998620.63310036,0.0,Diameter change,True,0.08199490664064946,0.15806009955959782,0.24005500620024728,41.1016321299299
External storage only,800.0,72.0,600.0,500000000.0,4109589.04109589,30.0,0,800.0,,,0.0,0.0,0.0,4109589.04109589,2,19817.671124984532,0,0.0,19857823.53684561,301917911.39976436,876049126.2536896,28729098.81012402,2465753424.657534,0.18397031651327486,0.008101605864454974,0.063213201801047,0.4931506849315069,0.7484358091102837,374217904.55514187,0.0,Transport assets retained,False,0.08199490664064968,0.15988499773035203,0.2418799043710017,32.3180560612861
Linepack without redesign,800.0,72.0,600.0,500000000.0,4109589.04109589,30.0,0,800.0,21.01325,51.93858082816981,23.411316250106665,683290.88867208,683290.88867208,3426298.15242381,2,19817.671124984532,0,0.0,19857823.53684561,301917911.39976436,876049126.2536896,28729098.81012402,2055778891.454286,0.18397031651327486,0.008101605864454974,0.063213201801047,0.41115577829085725,0.6664409024696341,333220451.234817,0.0,Transport assets retained,True,0.08199490664064968,0.15988499773035203,0.2418799043710017,32.3180560612861
Joint design,800.0,72.0,600.0,500000000.0,4109589.04109589,42.0,8,88.88888888888889,21.01325,22.075685926799668,49.29834361053469,2820123.950548002,2820123.950548002,1289465.090547888,2,19817.671124984532,1,748.1095123057466,30586155.7794414,393096197.6995674,1223991150.294431,44250201.43718128,773679054.3287328,0.2570381415618305,0.012478556805285122,0.08230339550641982,0.1547358108657466,0.506555904739282,253277952.369641,0.0,Diameter change,True,0.08199490664064968,0.15988499773035203,0.2418799043710017,32.3180560612861
External storage only,1200.0,0.0,600.0,500000000.0,0.0,30.0,0,1200.0,,,0.0,0.0,0.0,0.0,2,19817.671124984532,0,0.0,19857823.53684561,301917911.39976436,1276277666.450836,28729098.81012402,0.0,0.26801830995467557,0.008101605864454974,0.063213201801047,0.0,0.3393331176201775,169666558.81008875,0.0,Transport assets retained,False,0.0,0.0,0.0,0.0
Linepack without redesign,1200.0,0.0,600.0,500000000.0,0.0,30.0,0,1200.0,,,0.0,0.0,0.0,0.0,2,19817.671124984532,0,0.0,19857823.53684561,301917911.39976436,1276277666.450836,28729098.81012402,0.0,0.26801830995467557,0.008101605864454974,0.063213201801047,0.0,0.3393331176201775,169666558.81008875,0.0,Transport assets retained,False,0.0,0.0,0.0,0.0
Joint design,1200.0,0.0,600.0,500000000.0,0.0,30.0,0,1200.0,,,0.0,0.0,0.0,0.0,2,19817.671124984532,0,0.0,19857823.53684561,301917911.39976436,1276277666.450836,28729098.81012402,0.0,0.26801830995467557,0.008101605864454974,0.063213201801047,0.0,0.3393331176201775,169666558.81008875,0.0,Transport assets retained,False,0.0,0.0,0.0,0.0
External storage only,1200.0,6.0,600.0,500000000.0,342465.7534246575,30.0,0,1200.0,,,0.0,0.0,0.0,342465.7534246575,2,19817.671124984532,0,0.0,19857823.53684561,301917911.39976436,1276277666.450836,28729098.81012402,205479452.0547945,0.26801830995467557,0.008101605864454974,0.063213201801047,0.0410958904109589,0.3804290080311364,190214504.0155682,0.0,Transport assets retained,False,0.0410958904109589,0.0,0.0410958904109589,10.802512306736448
Linepack without redesign,1200.0,6.0,600.0,500000000.0,342465.7534246575,30.0,0,1200.0,28.33555570037111,64.7069777626152,7.8679570240203915,344455.4306265543,342465.7534246575,0.0,2,19817.671124984532,0,0.0,19857823.53684561,301917911.39976436,1276277666.450836,28729098.81012402,0.0,0.26801830995467557,0.008101605864454974,0.063213201801047,0.0,0.3393331176201775,169666558.81008875,0.0,Transport assets retained,True,0.0410958904109589,0.0,0.0410958904109589,10.802512306736448
Joint design,1200.0,6.0,600.0,500000000.0,342465.7534246575,30.0,0,1200.0,28.33555570037111,64.7069777626152,7.8679570240203915,344455.4306265543,342465.7534246575,0.0,2,19817.671124984532,0,0.0,19857823.53684561,301917911.39976436,1276277666.450836,28729098.81012402,0.0,0.26801830995467557,0.008101605864454974,0.063213201801047,0.0,0.3393331176201775,169666558.81008875,0.0,Transport assets retained,True,0.0410958904109589,0.0,0.0410958904109589,10.802512306736448
External storage only,1200.0,12.0,600.0,500000000.0,684931.506849315,30.0,0,1200.0,,,0.0,0.0,0.0,684931.506849315,2,19817.671124984532,0,0.0,19857823.53684561,301917911.39976436,1276277666.450836,28729098.81012402,410958904.109589,0.26801830995467557,0.008101605864454974,0.063213201801047,0.0821917808219178,0.4215248984420953,210762449.22104764,0.0,Transport assets retained,False,0.06289510457292657,0.0,0.06289510457292657,14.920851604585927
Linepack without redesign,1200.0,12.0,600.0,500000000.0,684931.506849315,30.0,0,1200.0,21.01325,61.851806197436495,11.97194024252829,524125.87144105503,524125.87144105503,160805.63540826,2,19817.671124984532,0,0.0,19857823.53684561,301917911.39976436,1276277666.450836,28729098.81012402,96483381.24495599,0.26801830995467557,0.008101605864454974,0.063213201801047,0.019296676248991198,0.3586297938691687,179314896.93458435,0.0,Transport assets retained,True,0.06289510457292657,0.0,0.06289510457292657,14.920851604585927
Joint design,1200.0,12.0,600.0,500000000.0,684931.506849315,30.0,0,1200.0,21.01325,61.851806197436495,11.97194024252829,524125.87144105503,524125.87144105503,160805.63540826,2,19817.671124984532,0,0.0,19857823.53684561,301917911.39976436,1276277666.450836,28729098.81012402,96483381.24495599,0.26801830995467557,0.008101605864454974,0.063213201801047,0.019296676248991198,0.3586297938691687,179314896.93458435,0.0,Transport assets retained,True,0.06289510457292657,0.0,0.06289510457292657,14.920851604585927
External storage only,1200.0,24.0,600.0,500000000.0,1369863.01369863,30.0,0,1200.0,,,0.0,0.0,0.0,1369863.01369863,2,19817.671124984532,0,0.0,19857823.53684561,301917911.39976436,1276277666.450836,28729098.81012402,821917808.219178,0.26801830995467557,0.008101605864454974,0.063213201801047,0.1643835616438356,0.5037166792640131,251858339.63200656,0.0,Transport assets retained,False,0.06289510457292657,0.04591729524681898,0.10881239981974555,21.60190525728327
Linepack without redesign,1200.0,24.0,600.0,500000000.0,1369863.01369863,30.0,0,1200.0,21.01325,61.851806197436495,11.97194024252829,524125.87144105503,524125.87144105503,845737.142257575,2,19817.671124984532,0,0.0,19857823.53684561,301917911.39976436,1276277666.450836,28729098.81012402,507442285.354545,0.26801830995467557,0.008101605864454974,0.063213201801047,0.101488457070909,0.4408215746910865,220410787.34554327,0.0,Transport assets retained,True,0.06289510457292657,0.04591729524681898,0.10881239981974555,21.60190525728327
Joint design,1200.0,24.0,600.0,500000000.0,1369863.01369863,30.0,1,600.0,21.01325,46.19092229782678,29.302243225458604,1282838.3248326215,1282838.3248326215,87024.68886600854,2,19817.671124984532,2,12418.64427463331,33377985.32282856,491113257.21852577,1276277666.450836,48289251.67167309,52214813.31960513,0.26801830995467557,0.013617568971411814,0.1028254378542591,0.010442962663921026,0.39490427944426754,197452139.72213376,0.0,Station-count change,True,0.06289510457292657,0.04591729524681898,0.10881239981974555,21.60190525728327
External storage only,1200.0,36.0,600.0,500000000.0,2054794.520547945,30.0,0,1200.0,,,0.0,0.0,0.0,2054794.520547945,2,19817.671124984532,0,0.0,19857823.53684561,301917911.39976436,1276277666.450836,28729098.81012402,1232876712.328767,0.26801830995467557,0.008101605864454974,0.063213201801047,0.24657534246575344,0.5859084600859309,292954230.0429655,0.0,Transport assets retained,False,0.06289510457292657,0.10613989195547474,0.16903499652840132,28.850069258875386
Linepack without redesign,1200.0,36.0,600.0,500000000.0,2054794.520547945,30.0,0,1200.0,21.01325,61.851806197436495,11.97194024252829,524125.87144105503,524125.87144105503,1530668.64910689,2,19817.671124984532,0,0.0,19857823.53684561,301917911.39976436,1276277666.450836,28729098.81012402,918401189.464134,0.26801830995467557,0.008101605864454974,0.063213201801047,0.1836802378928268,0.5230133555130043,261506677.75650215,0.0,Transport assets retained,True,0.06289510457292657,0.10613989195547474,0.16903499652840132,28.850069258875386
Joint design,1200.0,36.0,600.0,500000000.0,2054794.520547945,36.0,0,1200.0,21.736547288325347,42.61433800812151,32.59378900472751,2054794.5208727326,2054794.520547945,0.0,2,19817.671124984532,0,0.0,19857823.53684561,301917911.39976436,1645517409.009655,28729098.81012402,0.0,0.34555865589202756,0.008101605864454974,0.063213201801047,0.0,0.4168734635575296,208436731.77876478,0.0,Diameter change,True,0.06289510457292657,0.10613989195547474,0.16903499652840132,28.850069258875386
External storage only,1200.0,48.0,600.0,500000000.0,2739726.02739726,30.0,0,1200.0,,,0.0,0.0,0.0,2739726.02739726,2,19817.671124984532,0,0.0,19857823.53684561,301917911.39976436,1276277666.450836,28729098.81012402,1643835616.438356,0.26801830995467557,0.008101605864454974,0.063213201801047,0.3287671232876712,0.6681002409078487,334050120.45392436,0.0,Transport assets retained,False,0.06289510457292657,0.15983040861946768,0.22272551319239425,33.337140080917116
Linepack without redesign,1200.0,48.0,600.0,500000000.0,2739726.02739726,30.0,0,1200.0,21.01325,61.851806197436495,11.97194024252829,524125.87144105503,524125.87144105503,2215600.155956205,2,19817.671124984532,0,0.0,19857823.53684561,301917911.39976436,1276277666.450836,28729098.81012402,1329360093.573723,0.26801830995467557,0.008101605864454974,0.063213201801047,0.26587201871474464,0.6052051363349221,302602568.16746104,0.0,Transport assets retained,True,0.06289510457292657,0.15983040861946768,0.22272551319239425,33.337140080917116
Joint design,1200.0,48.0,600.0,500000000.0,2739726.02739726,42.0,0,1200.0,32.41748285113416,40.852329770556416,31.928609636158107,2739726.0277336915,2739726.02739726,0.0,2,19817.671124984532,0,0.0,19857823.53684561,301917911.39976436,1781237714.5235832,28729098.81012402,0.0,0.37405992004995253,0.008101605864454974,0.063213201801047,0.0,0.44537472771545444,222687363.85772723,0.0,Diameter change,True,0.06289510457292657,0.15983040861946768,0.22272551319239425,33.337140080917116
External storage only,1200.0,72.0,600.0,500000000.0,4109589.04109589,30.0,0,1200.0,,,0.0,0.0,0.0,4109589.04109589,2,19817.671124984532,0,0.0,19857823.53684561,301917911.39976436,1276277666.450836,28729098.81012402,2465753424.657534,0.26801830995467557,0.008101605864454974,0.063213201801047,0.4931506849315069,0.8324838025516844,416241901.2758422,0.0,Transport assets retained,False,0.06289510457292669,0.29615511487838464,0.3590502194513113,43.129994643832106
Linepack without redesign,1200.0,72.0,600.0,500000000.0,4109589.04109589,30.0,0,1200.0,21.01325,61.851806197436495,11.97194024252829,524125.87144105503,524125.87144105503,3585463.169654835,2,19817.671124984532,0,0.0,19857823.53684561,301917911.39976436,1276277666.450836,28729098.81012402,2151277901.792901,0.26801830995467557,0.008101605864454974,0.063213201801047,0.43025558035858025,0.7695886979787577,384794348.98937887,0.0,Transport assets retained,True,0.06289510457292669,0.29615511487838464,0.3590502194513113,43.129994643832106
Joint design,1200.0,72.0,600.0,500000000.0,4109589.04109589,42.0,4,240.0,21.278639881217984,24.008007952562476,47.89291443992875,4109589.0403727633,4109589.0403727633,0.0007231268100440502,2,19817.671124984532,1,1839.6240564040556,31101427.226072162,414023001.723935,1781237714.5235832,44995665.02118502,0.43387608602643013,0.37405992004995253,0.012688777535974177,0.08668488542767112,8.677521720528602e-11,0.4734335831003731,236716791.55018654,0.0,Diameter change,True,0.06289510457292669,0.29615511487838464,0.3590502194513113,43.129994643832106
External storage only,1600.0,0.0,600.0,500000000.0,0.0,30.0,1,800.0,,,0.0,0.0,0.0,0.0,2,19817.671124984532,1,4916.8681483076125,26167683.372307286,376825328.75485075,1667491341.3942056,37857822.62795118,0.0,0.35017318169278316,0.010675905981082234,0.07889672871638993,0.0,0.4397458163902554,219872908.1951277,0.0,Transport assets retained,False,0.0,0.0,0.0,0.0
Linepack without redesign,1600.0,0.0,600.0,500000000.0,0.0,30.0,1,800.0,,,0.0,0.0,0.0,0.0,2,19817.671124984532,1,4916.8681483076125,26167683.372307286,376825328.75485075,1667491341.3942056,37857822.62795118,0.0,0.35017318169278316,0.010675905981082234,0.07889672871638993,0.0,0.4397458163902554,219872908.1951277,0.0,Transport assets retained,False,0.0,0.0,0.0,0.0
Joint design,1600.0,0.0,600.0,500000000.0,0.0,30.0,1,800.0,,,0.0,0.0,0.0,0.0,2,19817.671124984532,1,4916.8681483076125,26167683.372307286,376825328.75485075,1667491341.3942056,37857822.62795118,0.0,0.35017318169278316,0.010675905981082234,0.07889672871638993,0.0,0.4397458163902554,219872908.1951277,0.0,Transport assets retained,False,0.0,0.0,0.0,0.0
External storage only,1600.0,6.0,600.0,500000000.0,342465.7534246575,30.0,1,800.0,,,0.0,0.0,0.0,342465.7534246575,2,19817.671124984532,1,4916.8681483076125,26167683.372307286,376825328.75485075,1667491341.3942056,37857822.62795118,205479452.0547945,0.35017318169278316,0.010675905981082234,0.07889672871638993,0.0410958904109589,0.4808417068012143,240420853.40060714,0.0,Transport assets retained,False,0.006236044130311036,0.031259030931909015,0.03749507506222005,7.797800093435107
Linepack without redesign,1600.0,6.0,600.0,500000000.0,342465.7534246575,30.0,1,800.0,51.41735684348515,69.9986006120988,0.8902626228047552,51967.03441952149,51967.03441952149,290498.719005136,2,19817.671124984532,1,4916.8681483076125,26167683.372307286,376825328.7550016,1667491341.3942056,37857822.62795118,174299231.4030816,0.35017318169278316,0.010675905981082234,0.07889672871642152,0.03485984628061632,0.47460566267090326,237302831.33545163,0.0,Transport assets retained,True,0.006236044130311036,0.031259030931909015,0.03749507506222005,7.797800093435107
Joint design,1600.0,6.0,600.0,500000000.0,342465.7534246575,30.0,1,800.0,45.44162024215761,65.73431640409974,5.86688202323915,342465.7536181944,342465.7534246575,0.0,2,19817.671124984532,1,5913.445783367643,27202028.336728595,392007972.3776784,1667491341.3942056,39354250.40270088,0.0,0.35017318169278316,0.01109789861356165,0.0820755514326494,0.0,0.44334663173899425,221673315.86949712,0.0,Compressor resize,True,0.006236044130311036,0.031259030931909015,0.03749507506222005,7.797800093435107
External storage only,1600.0,12.0,600.0,500000000.0,684931.506849315,30.0,1,800.0,,,0.0,0.0,0.0,684931.506849315,2,19817.671124984532,1,4916.8681483076125,26167683.372307286,376825328.75485075,1667491341.3942056,37857822.62795118,410958904.109589,0.35017318169278316,0.010675905981082234,0.07889672871638993,0.0821917808219178,0.5219375972121733,260968798.6060866,0.0,Transport assets retained,False,0.006236044130311091,0.06631399918747638,0.07255004331778747,13.90013743123684
Linepack without redesign,1600.0,12.0,600.0,500000000.0,684931.506849315,30.0,1,800.0,51.41735684348515,69.9986006120988,0.8902626228047552,51967.03441952149,51967.03441952149,632964.4724297936,2,19817.671124984532,1,4916.8681483076125,26167683.372307286,376825328.7550016,1667491341.3942056,37857822.62795118,379778683.45787615,0.35017318169278316,0.010675905981082234,0.07889672871642152,0.07595573669157522,0.5157015530818622,257850776.54093108,0.0,Transport assets retained,True,0.006236044130311091,0.06631399918747638,0.07255004331778747,13.90013743123684
Joint design,1600.0,12.0,600.0,500000000.0,684931.506849315,30.0,1,800.0,38.0591784721335,60.865101403477006,11.733764032321282,684931.5064100054,684931.5064100054,0.0004393096314743161,2,19817.671124984532,1,7592.876519534109,28878520.257435404,417593734.5495362,1667491341.3942056,41779697.579980575,0.26358577888458967,0.35017318169278316,0.011781874717554522,0.0874324974313309,5.271715577691793e-11,0.4493875538943858,224693776.94719288,0.0,Compressor resize,True,0.006236044130311091,0.06631399918747638,0.07255004331778747,13.90013743123684
External storage only,1600.0,24.0,600.0,500000000.0,1369863.01369863,30.0,1,800.0,,,0.0,0.0,0.0,1369863.01369863,2,19817.671124984532,1,4916.8681483076125,26167683.372307286,376825328.75485075,1667491341.3942056,37857822.62795118,821917808.219178,0.35017318169278316,0.010675905981082234,0.07889672871638993,0.1643835616438356,0.604129378034091,302064689.0170455,0.0,Transport assets retained,False,0.00623604413031098,0.12389485747143208,0.13013090160174307,21.54023729572704
Linepack without redesign,1600.0,24.0,600.0,500000000.0,1369863.01369863,30.0,1,800.0,51.41735684348515,69.9986006120988,0.8902626228047552,51967.03441952149,51967.03441952149,1317895.9792791086,2,19817.671124984532,1,4916.8681483076125,26167683.372307286,376825328.7550016,1667491341.3942056,37857822.62795118,790737587.5674652,0.35017318169278316,0.010675905981082234,0.07889672871642152,0.15814751751349304,0.59789333390378,298946666.95189,0.0,Transport assets retained,True,0.00623604413031098,0.12389485747143208,0.13013090160174307,21.54023729572704
Joint design,1600.0,24.0,600.0,500000000.0,1369863.01369863,30.0,1,800.0,21.01325,51.93858082816981,23.411316250106665,1366581.77734416,1366581.77734416,3281.23635447002,2,19817.671124984532,2,14387.123547843936,35117293.98415465,521102611.01561284,1667491341.3942056,50805578.31239613,1968741.812682012,0.35017318169278316,0.014327173084095712,0.10910437329293257,0.0003937483625364024,0.4739984764323479,236999238.21617395,0.0,Compressor resize,True,0.00623604413031098,0.12389485747143208,0.13013090160174307,21.54023729572704
External storage only,1600.0,36.0,600.0,500000000.0,2054794.520547945,30.0,1,800.0,,,0.0,0.0,0.0,2054794.520547945,2,19817.671124984532,1,4916.8681483076125,26167683.372307286,376825328.75485075,1667491341.3942056,37857822.62795118,1232876712.328767,0.35017318169278316,0.010675905981082234,0.07889672871638993,0.24657534246575344,0.6863211588560088,343160579.4280044,0.0,Transport assets retained,False,0.00623604413031098,0.1570484876604299,0.16328453179074087,23.79127172225186
Linepack without redesign,1600.0,36.0,600.0,500000000.0,2054794.520547945,30.0,1,800.0,51.41735684348515,69.9986006120988,0.8902626228047552,51967.03441952149,51967.03441952149,2002827.4861284236,2,19817.671124984532,1,4916.8681483076125,26167683.372307286,376825328.7550016,1667491341.3942056,37857822.62795118,1201696491.6770542,0.35017318169278316,0.010675905981082234,0.07889672871642152,0.24033929833541084,0.6800851147256978,340042557.3628489,0.0,Transport assets retained,True,0.00623604413031098,0.1570484876604299,0.16328453179074087,23.79127172225186
Joint design,1600.0,36.0,600.0,500000000.0,2054794.520547945,36.0,0,1600.0,26.79067146822306,50.09070937331621,24.44534176018425,2054794.5214307525,2054794.520547945,0.0,2,19817.671124984532,0,0.0,19857823.53684561,301917911.39976436,2151056282.856028,28729098.81012402,0.0,0.45172181939976597,0.008101605864454974,0.063213201801047,0.0,0.5230366270652679,261518313.53263396,0.0,Diameter change,True,0.00623604413031098,0.1570484876604299,0.16328453179074087,23.79127172225186
External storage only,1600.0,48.0,600.0,500000000.0,2739726.02739726,30.0,1,800.0,,,0.0,0.0,0.0,2739726.02739726,2,19817.671124984532,1,4916.8681483076125,26167683.372307286,376825328.75485075,1667491341.3942056,37857822.62795118,1643835616.438356,0.35017318169278316,0.010675905981082234,0.07889672871638993,0.3287671232876712,0.7685129396779266,384256469.83896327,0.0,Transport assets retained,False,0.00623604413031098,0.21716372734571,0.22339977147602097,29.06909694580352
Linepack without redesign,1600.0,48.0,600.0,500000000.0,2739726.02739726,30.0,1,800.0,51.41735684348515,69.9986006120988,0.8902626228047552,51967.03441952149,51967.03441952149,2687758.9929777384,2,19817.671124984532,1,4916.8681483076125,26167683.372307286,376825328.7550016,1667491341.3942056,37857822.62795118,1612655395.786643,0.35017318169278316,0.010675905981082234,0.07889672871642152,0.3225310791573286,0.7622768955476156,381138447.77380776,0.0,Transport assets retained,True,0.00623604413031098,0.21716372734571,0.22339977147602097,29.06909694580352
Joint design,1600.0,48.0,600.0,500000000.0,2739726.02739726,36.0,1,800.0,28.209027352879595,41.12686188000967,32.593789006850365,2739726.02800875,2739726.02739726,0.0,2,19817.671124984532,1,5973.870552221313,27263696.726839572,392928530.5953447,2151056282.856028,39443468.50203952,0.0,0.45172181939976597,0.011123058117575146,0.08226829068456447,0.0,0.5451131682019056,272556584.1009528,0.0,Diameter change,True,0.00623604413031098,0.21716372734571,0.22339977147602097,29.06909694580352
External storage only,1600.0,72.0,600.0,500000000.0,4109589.04109589,30.0,1,800.0,,,0.0,0.0,0.0,4109589.04109589,2,19817.671124984532,1,4916.8681483076125,26167683.372307286,376825328.75485075,1667491341.3942056,37857822.62795118,2465753424.657534,0.35017318169278316,0.010675905981082234,0.07889672871638993,0.4931506849315069,0.9328965013217623,466448250.66088116,0.0,Transport assets retained,False,0.006236044130311091,0.36702359537236495,0.37325963950267604,40.01083067348071
Linepack without redesign,1600.0,72.0,600.0,500000000.0,4109589.04109589,30.0,1,800.0,51.41735684348515,69.9986006120988,0.8902626228047552,51967.03441952149,51967.03441952149,4057622.0066763684,2,19817.671124984532,1,4916.8681483076125,26167683.372307286,376825328.7550016,1667491341.3942056,37857822.62795118,2434573204.005821,0.35017318169278316,0.010675905981082234,0.07889672871642152,0.48691464080116426,0.9266604571914512,463330228.5957256,0.0,Transport assets retained,True,0.006236044130311091,0.36702359537236495,0.37325963950267604,40.01083067348071
Joint design,1600.0,72.0,600.0,500000000.0,4109589.04109589,42.0,0,1600.0,25.044535650593833,38.09534053300328,35.91968583894395,4109589.041402159,4109589.04109589,0.0,2,19817.671124984532,0,0.0,19857823.53684561,301917911.39976436,2325343115.0170674,28729098.81012402,0.0,0.4883220541535842,0.008101605864454974,0.063213201801047,0.0,0.5596368618190862,279818430.9095431,0.0,Diameter change,True,0.006236044130311091,0.36702359537236495,0.37325963950267604,40.01083067348071
External storage only,2000.0,0.0,600.0,500000000.0,0.0,30.0,1,1000.0,,,0.0,0.0,0.0,0.0,2,19817.671124984532,1,6923.938923395723,28219558.53854778,407402615.6935844,2052252879.275636,40826351.595266536,0.0,0.4309731046478836,0.011513031149865164,0.08529876098014452,0.0,0.5277848967778932,263892448.38894662,0.0,Transport assets retained,False,0.0,0.0,0.0,0.0
Linepack without redesign,2000.0,0.0,600.0,500000000.0,0.0,30.0,1,1000.0,,,0.0,0.0,0.0,0.0,2,19817.671124984532,1,6923.938923395723,28219558.53854778,407402615.6935844,2052252879.275636,40826351.595266536,0.0,0.4309731046478836,0.011513031149865164,0.08529876098014452,0.0,0.5277848967778932,263892448.38894662,0.0,Transport assets retained,False,0.0,0.0,0.0,0.0
Joint design,2000.0,0.0,600.0,500000000.0,0.0,30.0,1,1000.0,,,0.0,0.0,0.0,0.0,2,19817.671124984532,1,6923.938923395723,28219558.53854778,407402615.6935844,2052252879.275636,40826351.595266536,0.0,0.4309731046478836,0.011513031149865164,0.08529876098014452,0.0,0.5277848967778932,263892448.38894662,0.0,Transport assets retained,False,0.0,0.0,0.0,0.0
External storage only,2000.0,6.0,600.0,500000000.0,342465.7534246575,30.0,1,1000.0,,,0.0,0.0,0.0,342465.7534246575,2,19817.671124984532,1,6923.938923395723,28219558.53854778,407402615.6935844,2052252879.275636,40826351.595266536,205479452.0547945,0.4309731046478836,0.011513031149865164,0.08529876098014452,0.0410958904109589,0.5688807871888522,284440393.5944261,0.0,Transport assets retained,False,0.0074617429972621,0.02940011395472575,0.03686185695198785,6.479715571717975
Linepack without redesign,2000.0,6.0,600.0,500000000.0,342465.7534246575,30.0,1,1000.0,45.607413817751265,70.00078980801499,0.8521954947872743,62181.19164411427,62181.19164411427,280284.56178054324,2,19817.671124984532,1,6923.938923395723,28219558.53854778,407402615.6937352,2052252879.275636,40826351.595266536,168170737.06832594,0.4309731046478836,0.011513031149865164,0.08529876098017608,0.03363414741366519,0.56141904419159,280709522.09579504,0.0,Transport assets retained,True,0.0074617429972621,0.02940011395472575,0.03686185695198785,6.479715571717975
Joint design,2000.0,6.0,600.0,500000000.0,342465.7534246575,30.0,1,1000.0,40.638237481951364,66.86957996160707,4.6935056059853295,342465.75269838725,342465.75269838725,0.0007262702565640211,2,19817.671124984532,1,8103.5874767343685,29374667.946237903,425374304.958361,2052252879.275636,42497494.067071624,0.43576215393841267,0.4309731046478836,0.011984293326914199,0.08906153217491412,8.715243078768253e-11,0.5320189302368643,266009465.11843216,0.0,Compressor resize,True,0.0074617429972621,0.02940011395472575,0.03686185695198785,6.479715571717975
External storage only,2000.0,12.0,600.0,500000000.0,684931.506849315,30.0,1,1000.0,,,0.0,0.0,0.0,684931.506849315,2,19817.671124984532,1,6923.938923395723,28219558.53854778,407402615.6935844,2052252879.275636,40826351.595266536,410958904.109589,0.4309731046478836,0.011513031149865164,0.08529876098014452,0.0821917808219178,0.6099766775998111,304988338.79990554,0.0,Transport assets retained,False,0.007461742997262211,0.0633534021731994,0.07081514517046161,11.60948406242533
Linepack without redesign,2000.0,12.0,600.0,500000000.0,684931.506849315,30.0,1,1000.0,45.607413817751265,70.00078980801499,0.8521954947872743,62181.19164411427,62181.19164411427,622750.3152052008,2,19817.671124984532,1,6923.938923395723,28219558.53854778,407402615.6937352,2052252879.275636,40826351.595266536,373650189.1231205,0.4309731046478836,0.011513031149865164,0.08529876098017608,0.0747300378246241,0.6025149346025489,301257467.3012745,0.0,Transport assets retained,True,0.007461742997262211,0.0633534021731994,0.07081514517046161,11.60948406242533
Joint design,2000.0,12.0,600.0,500000000.0,684931.506849315,30.0,1,1000.0,34.212767021494045,63.17109945116767,9.387011243944087,684931.5077297437,684931.506849315,0.0,2,19817.671124984532,1,10100.992177739816,31265449.90099939,455804331.35976577,2052252879.275636,45232963.11311044,0.0,0.4309731046478836,0.012755695597897144,0.09543273218356882,0.0,0.5391615324293495,269580766.2146748,0.0,Compressor resize,True,0.007461742997262211,0.0633534021731994,0.07081514517046161,11.60948406242533
External storage only,2000.0,24.0,600.0,500000000.0,1369863.01369863,30.0,1,1000.0,,,0.0,0.0,0.0,1369863.01369863,2,19817.671124984532,1,6923.938923395723,28219558.53854778,407402615.6935844,2052252879.275636,40826351.595266536,821917808.219178,0.4309731046478836,0.011513031149865164,0.08529876098014452,0.1643835616438356,0.6921684584217288,346084229.2108644,0.0,Transport assets retained,False,0.0074617429972621,0.12425770640015155,0.13171944939741365,19.029969914803427
Linepack without redesign,2000.0,24.0,600.0,500000000.0,1369863.01369863,30.0,1,1000.0,45.607413817751265,70.00078980801499,0.8521954947872743,62181.19164411427,62181.19164411427,1307681.8220545158,2,19817.671124984532,1,6923.938923395723,28219558.53854778,407402615.6937352,2052252879.275636,40826351.595266536,784609093.2327095,0.4309731046478836,0.011513031149865164,0.08529876098017608,0.15692181864654192,0.6847067154244667,342353357.71223336,0.0,Transport assets retained,True,0.0074617429972621,0.12425770640015155,0.13171944939741365,19.029969914803427
Joint design,2000.0,24.0,600.0,500000000.0,1369863.01369863,30.0,3,500.0,38.852479862229615,54.032882402719366,18.77402245258643,1369863.0128836646,1369863.0128836646,0.0008149654604494572,2,19817.671124984532,1,5228.975383855538,39770277.0826092,540904821.1175444,2052252879.275636,57537233.0151034,0.4889792762696743,0.4309731046478836,0.01622549971025916,0.1132504045683765,9.779585525393486e-11,0.5604490090243152,280224504.51215756,0.0,Station-count change,True,0.0074617429972621,0.12425770640015155,0.13171944939741365,19.029969914803427
External storage only,2000.0,36.0,600.0,500000000.0,2054794.520547945,30.0,1,1000.0,,,0.0,0.0,0.0,2054794.520547945,2,19817.671124984532,1,6923.938923395723,28219558.53854778,407402615.6935844,2052252879.275636,40826351.595266536,1232876712.328767,0.4309731046478836,0.011513031149865164,0.08529876098014452,0.24657534246575344,0.7743602392436466,387180119.6218233,0.0,Transport assets retained,False,0.007461742997261989,0.17469185501071016,0.18215359800797215,23.523108338554415
Linepack without redesign,2000.0,36.0,600.0,500000000.0,2054794.520547945,30.0,1,1000.0,45.607413817751265,70.00078980801499,0.8521954947872743,62181.19164411427,62181.19164411427,1992613.3289038308,2,19817.671124984532,1,6923.938923395723,28219558.53854778,407402615.6937352,2052252879.275636,40826351.595266536,1195567997.3422985,0.4309731046478836,0.011513031149865164,0.08529876098017608,0.23911359946845973,0.7668984962463846,383449248.1231923,0.0,Transport assets retained,True,0.007461742997261989,0.17469185501071016,0.18215359800797215,23.523108338554415
Joint design,2000.0,36.0,600.0,500000000.0,2054794.520547945,30.0,9,200.0,37.20281579972901,44.136882299829736,28.16103370749442,2054794.521413399,2054794.520547945,0.0,2,19817.671124984532,1,2647.2279519553585,53984520.50366703,664887392.673087,2052252879.275636,78101541.23332384,0.0,0.4309731046478836,0.022024634627797326,0.13920890195999358,0.0,0.5922066412356745,296103320.61783725,0.0,Station-count change,True,0.007461742997261989,0.17469185501071016,0.18215359800797215,23.523108338554415
External storage only,2000.0,48.0,600.0,500000000.0,2739726.02739726,30.0,1,1000.0,,,0.0,0.0,0.0,2739726.02739726,2,19817.671124984532,1,6923.938923395723,28219558.53854778,407402615.6935844,2052252879.275636,40826351.595266536,1643835616.438356,0.4309731046478836,0.011513031149865164,0.08529876098014452,0.3287671232876712,0.8565520200655644,428276010.0327822,0.0,Transport assets retained,False,0.007461742997261989,0.20120247786643453,0.20866422086369651,24.36095134627368
Linepack without redesign,2000.0,48.0,600.0,500000000.0,2739726.02739726,30.0,1,1000.0,45.607413817751265,70.00078980801499,0.8521954947872743,62181.19164411427,62181.19164411427,2677544.8357531456,2,19817.671124984532,1,6923.938923395723,28219558.53854778,407402615.6937352,2052252879.275636,40826351.595266536,1606526901.4518874,0.4309731046478836,0.011513031149865164,0.08529876098017608,0.3213053802903775,0.8490902770683024,424545138.5341512,0.0,Transport assets retained,True,0.007461742997261989,0.20120247786643453,0.20866422086369651,24.36095134627368
Joint design,2000.0,48.0,600.0,500000000.0,2739726.02739726,36.0,1,1000.0,33.37244925649853,47.25788081637732,26.075031204165754,2739726.0278706304,2739726.02739726,0.0,2,19817.671124984532,1,5509.167282683675,26786480.682448,385848877.3063887,2648444892.792977,38753061.17378104,0.0,0.5561734274865252,0.010928363251006252,0.08078600846433653,0.0,0.6478877992018679,323943899.60093397,0.0,Diameter change,True,0.007461742997261989,0.20120247786643453,0.20866422086369651,24.36095134627368
External storage only,2000.0,72.0,600.0,500000000.0,4109589.04109589,30.0,1,1000.0,,,0.0,0.0,0.0,4109589.04109589,2,19817.671124984532,1,6923.938923395723,28219558.53854778,407402615.6935844,2052252879.275636,40826351.595266536,2465753424.657534,0.4309731046478836,0.011513031149865164,0.08529876098014452,0.4931506849315069,1.0209355817094001,510467790.8547001,0.0,Transport assets retained,False,0.0074617429972621,0.341553179866502,0.3490149228637641,34.18579282733903
Linepack without redesign,2000.0,72.0,600.0,500000000.0,4109589.04109589,30.0,1,1000.0,45.607413817751265,70.00078980801499,0.8521954947872743,62181.19164411427,62181.19164411427,4047407.8494517757,2,19817.671124984532,1,6923.938923395723,28219558.53854778,407402615.6937352,2052252879.275636,40826351.595266536,2428444709.6710653,0.4309731046478836,0.011513031149865164,0.08529876098017608,0.4856889419342131,1.013473838712138,506736919.35606897,0.0,Transport assets retained,True,0.0074617429972621,0.341553179866502,0.3490149228637641,34.18579282733903
Joint design,2000.0,72.0,600.0,500000000.0,4109589.04109589,42.0,0,2000.0,31.225512631724662,44.77795656992978,28.73574867181425,4109589.0414964175,4109589.04109589,0.0,2,19817.671124984532,0,0.0,19857823.53684561,301917911.39976436,2860027862.7625427,28729098.81012402,0.0,0.6006058511801341,0.008101605864454974,0.063213201801047,0.0,0.671920658845636,335960329.422818,0.0,Diameter change,True,0.0074617429972621,0.341553179866502,0.3490149228637641,34.18579282733903
