annual_delivered_kg,length_km,diameter_in,stations,segment_length_km,pack_outlet_bar_a,pack_average_bar_a,gathering_stages,gathering_rating_unit_kw,enroute_stages,enroute_rating_unit_kw,pipeline_capex_2018_usd,compressor_capex_2018_usd,full_year_energy_kwh,transport_lcot_2023_usd_per_kg,transport_selected
500000000.0,400.0,16.0,6,57.142857142857146,29.833183933650684,53.2258244811783,2,19817.671124984532,2,13866.81369512494,202963028.68833828,108682357.97674298,1569465264.122837,0.43460587799036415,False
500000000.0,400.0,16.0,7,50.0,37.53833660555521,55.99628071004968,2,19817.671124984532,1,10567.008891227782,202963028.68833828,102729188.00959364,1428820494.3738298,0.40273000277686133,False
500000000.0,400.0,18.0,3,100.0,32.88662562397874,54.281733170389735,2,19817.671124984532,2,12251.005528947002,227756821.4173108,59967427.79922898,861842129.3140725,0.27410729138056195,False
500000000.0,400.0,18.0,4,80.0,43.287416775061644,58.271239400455926,2,19817.671124984532,1,8066.449983145484,227756821.4173108,57781651.88259353,793480359.068317,0.2589024865930476,False
500000000.0,400.0,18.0,5,66.66666666666667,49.01000566355803,60.68391804566651,2,19817.671124984532,1,5955.901381975876,227756821.4173108,56795552.57237021,755602225.3659266,0.25056955101230655,False
500000000.0,400.0,18.0,6,57.142857142857146,52.71861369087561,62.316763867332206,2,19817.671124984532,1,4744.52145615062,227756821.4173108,56622045.65546404,735608429.2002454,0.24631261950283181,False
500000000.0,400.0,18.0,7,50.0,55.3372018649942,63.499375261478235,2,19817.671124984532,1,3950.8610072025726,227756821.4173108,56754128.48468885,723251471.3330892,0.2437793039103682,False
500000000.0,400.0,20.0,2,133.33333333333334,44.38686778386747,58.7239807670214,2,19817.671124984532,1,7635.078268198962,221675400.49011618,37981652.85810291,534555426.6325397,0.19476517381848008,False
500000000.0,400.0,20.0,3,100.0,52.32939845476464,62.14302685543749,2,19817.671124984532,1,4866.638495561618,221675400.49011618,38628202.82889719,524344449.94473714,0.1928910595061889,False
500000000.0,400.0,20.0,4,80.0,56.56208172638733,64.06049324767078,2,19817.671124984532,1,3595.365112177299,221675400.49011618,39368147.391087726,521016334.9314036,0.19249612790819712,False
500000000.0,400.0,20.0,5,66.66666666666667,59.21602699955913,65.29275317277354,2,19817.671124984532,1,2856.6942983768404,221675400.49011618,40042594.37388021,519523494.47612196,0.19245872994885402,False
500000000.0,400.0,20.0,6,57.142857142857146,61.041097159721126,66.15268229957678,2,19817.671124984532,1,2372.038651530497,221675400.49011618,40644964.86545423,518742870.5727086,0.19254104449234352,False
500000000.0,400.0,20.0,7,50.0,62.37486520306086,66.7872964079343,2,19817.671124984532,1,2029.0274653361262,221675400.49011618,41185730.05717695,518300457.79004484,0.19266903726043966,False
500000000.0,400.0,24.0,0,400.0,37.71235051587087,56.062721744059566,2,19817.671124984532,0,0.0,264434361.0508174,19857823.53684561,301917911.39976436,0.15165401419527352,True
500000000.0,400.0,24.0,1,200.0,56.85553208349389,64.195649723417,2,19817.671124984532,1,3511.6063726296784,264434361.0508174,24641749.10034794,355416471.0940878,0.16480687118949347,False
500000000.0,400.0,24.0,2,133.33333333333334,61.9354091845069,66.57763663119727,2,19817.671124984532,1,2141.0358235523518,264434361.0508174,26226864.629289072,367154342.05826384,0.16791115076586258,False
500000000.0,400.0,24.0,3,100.0,64.32508532469934,67.72425373806823,2,19817.671124984532,1,1543.4570579563533,264434361.0508174,27156832.42614311,372460609.63123035,0.16940154418623615,False
500000000.0,400.0,24.0,4,80.0,65.71719422446748,68.39941128755679,2,19817.671124984532,1,1207.8241336985004,264434361.0508174,27812342.228752412,375521663.8254956,0.17030987893274457,False
500000000.0,400.0,24.0,5,66.66666666666667,66.62910995358861,68.84445367920314,2,19817.671124984532,1,992.6696420448001,264434361.0508174,28319331.60623814,377533442.3937857,0.17093793114155534,False
500000000.0,400.0,24.0,6,57.142857142857146,67.27291052635303,69.15994160264435,2,19817.671124984532,1,842.9300956989155,264434361.0508174,28733892.709696177,378969051.9735644,0.17140764067278239,False
500000000.0,400.0,24.0,7,50.0,67.75174638927159,69.39527447837632,2,19817.671124984532,1,732.6809994655229,264434361.0508174,29085586.68603197,380053561.638418,0.17177819109505493,False
500000000.0,400.0,30.0,0,400.0,62.30820786530226,66.75545956813944,2,19817.671124984532,0,0.0,318735622.3601656,19857823.53684561,301917911.39976436,0.16815156855932403,False
500000000.0,400.0,30.0,1,200.0,66.80267375991852,68.92940225708179,2,19817.671124984532,1,952.1279911033823,318735622.3601656,21493068.352582373,316423374.3598785,0.17185575659248395,False
500000000.0,400.0,30.0,2,133.33333333333334,68.23507435942973,69.63340018422377,2,19817.671124984532,1,622.3391563837284,318735622.3601656,22163100.854207464,320880314.91253465,0.1730622760438082,False
500000000.0,400.0,30.0,3,100.0,68.94011494419127,69.98180071149544,2,19817.671124984532,1,463.0057114457637,318735622.3601656,22569088.087835632,323079285.4811464,0.17368831413323021,False
500000000.0,400.0,30.0,4,80.0,69.35969935003426,70.18972106230738,2,19817.671124984532,1,369.04006021009855,318735622.3601656,22857564.99218278,324406891.76456755,0.1740839708807367,False
500000000.0,400.0,30.0,5,66.66666666666667,69.63801780780167,70.32787498286129,2,19817.671124984532,1,307.0295898099034,318735622.3601656,23080981.684006788,325305556.6757188,0.1743632759499181,False
500000000.0,400.0,30.0,6,57.142857142857146,69.83613761693533,70.42633337725984,2,19817.671124984532,1,263.02454436330606,318735622.3601656,23263505.25297699,325960641.9245215,0.174574898622895,False
500000000.0,400.0,30.0,7,50.0,69.9843594100882,70.50005604522664,2,19817.671124984532,1,230.1661913127627,318735622.3601656,23418094.637808513,326463634.6194141,0.17474328074713463,False
500000000.0,400.0,36.0,0,400.0,67.69142233400811,69.36559520009548,2,19817.671124984532,0,0.0,410029117.8509429,19857823.53684561,301917911.39976436,0.1958879299002348,False
500000000.0,400.0,36.0,1,200.0,69.37222186568465,70.19593305063248,2,19817.671124984532,1,366.2447824898623,410029117.8509429,20603083.660672005,307497571.0425665,0.19736020686674655,False
500000000.0,400.0,36.0,2,133.33333333333334,69.92351061153907,70.4697846376714,2,19817.671124984532,1,243.64945142351152,410029117.8509429,20923806.92763417,309341804.25009465,0.19787718679227287,False
500000000.0,400.0,36.0,3,100.0,70.19753144571494,70.60617606983158,2,19817.671124984532,1,182.9823088673873,410029117.8509429,21121275.142652452,310280998.4902599,0.1981543911001855,False
500000000.0,400.0,36.0,4,80.0,70.36143170779152,70.68784172986696,2,19817.671124984532,1,146.73536809011964,410029117.8509429,21262708.417754527,310859837.13520396,0.1983332858170007,False
500000000.0,400.0,36.0,5,66.66666666666667,70.4704867721393,70.74221541290572,2,19817.671124984532,1,122.61256015277591,410029117.8509429,21372765.093755245,311257789.8948802,0.1984615070250613,False
500000000.0,400.0,36.0,6,57.142857142857146,70.54828003469484,70.78101955574202,2,19817.671124984532,1,105.39069643937965,410029117.8509429,21462960.111509874,311551537.49516225,0.1985598074046564,False
500000000.0,400.0,36.0,7,50.0,70.60656873349193,70.8101040071725,2,19817.671124984532,1,92.47214205898408,410029117.8509429,21539521.07958187,311779462.27116764,0.19863876389095364,False
500000000.0,400.0,42.0,0,400.0,69.50491103205941,70.26177896490564,2,19817.671124984532,0,0.0,446089791.40503424,19857823.53684561,301917911.39976436,0.20684371449930236,False
500000000.0,400.0,42.0,1,200.0,70.26312807275589,70.63885284504508,2,19817.671124984532,1,168.47425983026199,446089791.40503424,20251309.93118841,304484580.1234393,0.20754163824212696,False
500000000.0,400.0,42.0,2,133.33333333333334,70.51405535706928,70.76394613814955,2,19817.671124984532,1,112.96951555802083,446089791.40503424,20424319.092310302,305360043.4216366,0.20779552024741002,False
500000000.0,400.0,42.0,3,100.0,70.63918474236165,70.82638200515122,2,19817.671124984532,1,85.2354634088154,446089791.40503424,20531827.33365431,305813542.66651857,0.2079343316306384,False
500000000.0,400.0,42.0,4,80.0,70.71415609313951,70.86380824518868,2,19817.671124984532,1,68.56981901799908,446089791.40503424,20609247.87256293,306096496.54479164,0.20802516036649804,False
500000000.0,400.0,42.0,5,66.66666666666667,70.76409286658853,70.88874441072392,2,19817.671124984532,1,57.434599525403826,446089791.40503424,20669711.602697045,306292929.58969945,0.20809095600132796,False
500000000.0,400.0,42.0,6,57.142857142857146,70.79974042622865,70.9065487887628,2,19817.671124984532,1,49.46117432883644,446089791.40503424,20719391.63206961,306439092.8305881,0.20814182699906236,False
500000000.0,400.0,42.0,7,50.0,70.82646432170675,70.91989815652744,2,19817.671124984532,1,43.46593828436909,446089791.40503424,20761642.628176507,306553270.24428177,0.20818297015431958,False
500000000.0,800.0,16.0,12,61.53846153846154,23.88656270971025,51.350378848849665,2,19817.671124984532,2,17615.430801932867,388122087.5431552,236146771.9820914,3522325017.311387,0.9517374789881202,False
500000000.0,800.0,16.0,13,57.142857142857146,29.833183933650684,53.2258244811783,2,19817.671124984532,2,13866.81369512494,388122087.5431552,212310981.48995656,3048270508.966422,0.8427591290074025,False
500000000.0,800.0,16.0,14,53.333333333333336,34.15957236874116,54.73873140734423,2,19817.671124984532,1,12270.043133992038,388122087.5431552,207275182.60136873,2918958067.8393884,0.8136301973473898,False
500000000.0,800.0,16.0,15,50.0,37.53833660555521,55.99628071004968,2,19817.671124984532,1,10567.008891227782,388122087.5431552,197439318.83559138,2716709160.6299047,0.7672720679428515,False
500000000.0,800.0,18.0,6,114.28571428571429,22.70732884804054,51.00996862116297,2,19817.671124984532,2,18481.708205106755,435352654.0605184,132357818.9654465,1991306751.8526533,0.6031903896702805,False
500000000.0,800.0,18.0,7,100.0,32.88662562397874,54.281733170389735,2,19817.671124984532,2,12251.005528947002,435352654.0605184,113446900.14907348,1608407753.199817,0.5153067164864372,False
500000000.0,800.0,18.0,8,88.88888888888889,39.00872101212523,56.562629943249355,2,19817.671124984532,1,9884.322239076968,435352654.0605184,109505632.17361552,1506601915.7728322,0.49238344887214996,False
500000000.0,800.0,18.0,9,80.0,43.287416775061644,58.271239400455926,2,19817.671124984532,1,8066.449983145484,435352654.0605184,105186437.31477842,1407933418.6540077,0.46996286611940274,False
500000000.0,800.0,18.0,10,72.72727272727273,46.496222902453816,59.60727001420296,2,19817.671124984532,1,6843.341709270861,435352654.0605184,102673773.07033035,1344486143.9773772,0.4556536557469746,False
500000000.0,800.0,18.0,11,66.66666666666667,49.01000566355803,60.68391804566651,2,19817.671124984532,1,5955.901381975876,435352654.0605184,101120827.41499972,1300023402.1253214,0.445710824324072,False
500000000.0,800.0,18.0,12,61.53846153846154,51.040443645035346,61.57157018944972,2,19817.671124984532,1,5279.199053252474,435352654.0605184,100136337.83610031,1267047310.4917645,0.4384048965627339,False
500000000.0,800.0,18.0,13,57.142857142857146,52.71861369087561,62.316763867332206,2,19817.671124984532,1,4744.52145615062,435352654.0605184,99513638.12718552,1241580699.9674733,0.43281884822776784,False
500000000.0,800.0,18.0,14,53.333333333333336,54.13096026513932,62.95168282948951,2,19817.671124984532,1,4310.567403859753,435352654.0605184,99133230.94263275,1221305713.8508253,0.4284186320881125,False
500000000.0,800.0,18.0,15,50.0,55.3372018649942,63.499375261478235,2,19817.671124984532,1,3950.8610072025726,435352654.0605184,98921334.13936685,1204775539.8283174,0.42487122426144575,False
500000000.0,800.0,20.0,4,160.0,36.819240933003215,55.72341608511151,2,19817.671124984532,1,10913.082687250235,422243674.7971037,68484841.24392746,966951680.7236745,0.3586773260843689,False
500000000.0,800.0,20.0,5,133.33333333333334,44.38686778386747,58.7239807670214,2,19817.671124984532,1,7635.078268198962,422243674.7971037,65167396.83998887,883511699.4817028,0.33985386512666577,False
500000000.0,800.0,20.0,6,114.28571428571429,49.08308679537716,60.71559377608959,2,19817.671124984532,1,5930.9478666472905,422243674.7971037,64030294.87874167,844058119.8710368,0.3311294689058089,False
500000000.0,800.0,20.0,7,100.0,52.32939845476464,62.14302685543749,2,19817.671124984532,1,4866.638495561618,422243674.7971037,63655375.21829932,820913168.0047008,0.3261306006739551,False
500000000.0,800.0,20.0,8,88.88888888888889,54.721323506434445,63.219121656258885,2,19817.671124984532,1,4133.2959658433565,422243674.7971037,63620082.45409204,805676835.3759426,0.3229261382136464,False
500000000.0,800.0,20.0,9,80.0,56.56208172638733,64.06049324767078,2,19817.671124984532,1,3595.365112177299,422243674.7971037,63756052.20889036,794889364.3459526,0.3207230152424821,False
500000000.0,800.0,20.0,10,72.72727272727273,58.02473811604189,64.73689040960798,2,19817.671124984532,1,3183.1040398236164,422243674.7971037,63984445.33042549,786856892.0755013,0.31913441921734703,False
500000000.0,800.0,20.0,11,66.66666666666667,59.21602699955913,65.29275317277354,2,19817.671124984532,1,2856.6942983768404,422243674.7971037,64264319.37832173,780650194.167751,0.3179490927102322,False
500000000.0,800.0,20.0,12,61.53846153846154,60.205632191753196,65.75779957490305,2,19817.671124984532,1,2591.6483594193533,422243674.7971037,64572844.37474896,775716303.6470034,0.3170419456503261,False
500000000.0,800.0,20.0,13,57.142857142857146,61.041097159721126,66.15268229957678,2,19817.671124984532,1,2372.038651530497,422243674.7971037,64896629.74883095,771705322.9411435,0.31633425613864063,False
500000000.0,800.0,20.0,14,53.333333333333336,61.75602495305631,66.49221283686666,2,19817.671124984532,1,2187.0396234252808,422243674.7971037,65227533.302654184,768384936.4725928,0.3157740619051298,False
500000000.0,800.0,20.0,15,50.0,62.37486520306086,66.7872964079343,2,19817.671124984532,1,2029.0274653361262,422243674.7971037,65560480.36612704,765594796.521794,0.3153257202365122,False
500000000.0,800.0,24.0,1,400.0,37.71235051587087,56.062721744059566,2,19817.671124984532,1,10484.498343180156,503335499.66757095,31620504.453434683,461646964.41934377,0.2624775970240223,False
500000000.0,800.0,24.0,2,266.6666666666667,51.27482955741641,61.675033536751016,2,19817.671124984532,1,5203.227575117971,503335499.66757095,33079004.837156642,460457993.34075016,0.26282369939049505,False
500000000.0,800.0,24.0,3,200.0,56.85553208349389,64.195649723417,2,19817.671124984532,1,3511.6063726296784,503335499.66757095,34209600.2273526,462413590.48273474,0.263694407900437,False
500000000.0,800.0,24.0,4,160.0,59.95512953793247,65.63980242980467,2,19817.671124984532,1,2658.2294530725735,503335499.66757095,35077070.48385729,463908102.76613474,0.2643612281448293,False
500000000.0,800.0,24.0,5,133.33333333333334,61.9354091845069,66.57763663119727,2,19817.671124984532,1,2141.0358235523518,503335499.66757095,35780426.267954275,465008988.04601306,0.2648786783442498,False
500000000.0,800.0,24.0,6,114.28571428571429,63.311983903609445,67.2362063757273,2,19817.671124984532,1,1793.3967425670464,503335499.66757095,36373864.058800966,465849968.42467564,0.26529686729220625,False
500000000.0,800.0,24.0,7,100.0,64.32508532469934,67.72425373806823,2,19817.671124984532,1,1543.4570579563533,503335499.66757095,36888844.278539784,466517540.60651845,0.2656467402300232,False
500000000.0,800.0,24.0,8,88.88888888888889,65.10215433523713,68.10048577971668,2,19817.671124984532,1,1355.0173111306717,503335499.66757095,37345032.12973175,467065064.72852516,0.26594749230448084,False
500000000.0,800.0,24.0,9,80.0,65.71719422446748,68.39941128755679,2,19817.671124984532,1,1207.8241336985004,503335499.66757095,37755490.593635924,467526354.3576596,0.26621153257708696,False
500000000.0,800.0,24.0,10,72.72727272727273,66.21615968857142,68.64265326961255,2,19817.671124984532,1,1089.6494968567065,503335499.66757095,38129326.860238895,467923643.44262964,0.2664472317738775,False
500000000.0,800.0,24.0,11,66.66666666666667,66.62910995358861,68.84445367920314,2,19817.671124984532,1,992.6696420448001,503335499.66757095,38473141.28950918,468272079.5866112,0.2666604541995971,False
500000000.0,800.0,24.0,12,61.53846153846154,66.97654078053766,69.01457682374095,2,19817.671124984532,1,911.644138181813,503335499.66757095,38791870.97821022,468582314.5400638,0.26685544427360236,False
500000000.0,800.0,24.0,13,57.142857142857146,67.27291052635303,69.15994160264435,2,19817.671124984532,1,842.9300956989155,503335499.66757095,39089306.74468851,468862049.30966437,0.2670353609523796,False
500000000.0,800.0,24.0,14,53.333333333333336,67.52871218732385,69.28558798433022,2,19817.671124984532,1,783.9160893276843,503335499.66757095,39368423.89853964,469116988.26088995,0.26720261243964477,False
500000000.0,800.0,24.0,15,50.0,67.75174638927159,69.39527447837632,2,19817.671124984532,1,732.6809994655229,503335499.66757095,39631601.71367353,469351447.6254508,0.26735907313159446,False
500000000.0,800.0,30.0,0,800.0,52.17033504980515,62.072180453857975,2,19817.671124984532,0,0.0,605533402.6914592,19857823.53684561,301917911.39976436,0.25528512417877686,True
500000000.0,800.0,30.0,1,400.0,62.30820786530226,66.75545956813944,2,19817.671124984532,1,2045.9542541333858,605533402.6914592,22925557.98404336,333087579.68882257,0.26306276060048683,False
500000000.0,800.0,30.0,2,266.6666666666667,65.33887870258648,68.21542138215058,2,19817.671124984532,1,1298.161843289276,605533402.6914592,24078177.102003373,341472338.3465959,0.26528854172315536,False
500000000.0,800.0,30.0,3,200.0,66.80267375991852,68.92940225708179,2,19817.671124984532,1,952.1279911033823,605533402.6914592,24763557.9840559,345434300.2801067,0.26639768827825644,False
500000000.0,800.0,30.0,4,160.0,67.66575287611737,69.35296867385983,2,19817.671124984532,1,752.4112766514037,605533402.6914592,25247346.68752343,347769200.32822555,0.26708392770168893,False
500000000.0,800.0,30.0,5,133.33333333333334,68.23507435942973,69.63340018422377,2,19817.671124984532,1,622.3391563837284,605533402.6914592,25621016.830250245,349323920.1816901,0.26756189288998716,False
500000000.0,800.0,30.0,6,114.28571428571429,68.63884147434717,69.83277414320398,2,19817.671124984532,1,530.8621051326143,605533402.6914592,25925949.519315735,350443324.0011039,0.26792067148044696,False
500000000.0,800.0,30.0,7,100.0,68.94011494419127,69.98180071149544,2,19817.671124984532,1,463.0057114457637,605533402.6914592,26184107.489155658,351294450.92298913,0.2682041971845578,False
500000000.0,800.0,30.0,8,88.88888888888889,69.17353159804289,70.09741467316964,2,19817.671124984532,1,410.65760844397147,605533402.6914592,26408453.27785931,351968146.5297705,0.2684367790005818,False
500000000.0,800.0,30.0,9,80.0,69.35969935003426,70.18972106230738,2,19817.671124984532,1,369.04006021009855,605533402.6914592,26607241.811354242,352518117.2205716,0.2686330294019553,False
500000000.0,800.0,30.0,10,72.72727272727273,69.51164756213943,70.26512305198834,2,19817.671124984532,1,335.1559020259521,605533402.6914592,26786039.57465879,352978184.47363114,0.2688023006818913,False
500000000.0,800.0,30.0,11,66.66666666666667,69.63801780780167,70.32787498286129,2,19817.671124984532,1,307.0295898099034,605533402.6914592,26948771.460600197,353370731.006864,0.26895088043808363,False
500000000.0,800.0,30.0,12,61.53846153846154,69.7447676371932,70.38091403571043,2,19817.671124984532,1,283.30599868663234,605533402.6914592,27098305.679095335,353711175.0205275,0.2690831669861207,False
500000000.0,800.0,30.0,13,57.142857142857146,69.83613761693533,70.42633337725984,2,19817.671124984532,1,263.02454436330606,605533402.6914592,27236800.5884636,354010494.2034049,0.2692023393165139,False
500000000.0,800.0,30.0,14,53.333333333333336,69.91522834456211,70.46566501557609,2,19817.671124984532,1,245.48530332165925,605533402.6914592,27365920.566803113,354276724.61605704,0.2693107589904289,False
500000000.0,800.0,30.0,15,50.0,69.9843594100882,70.50005604522664,2,19817.671124984532,1,230.1661913127627,605533402.6914592,27486975.896051835,354515889.72758526,0.2694102217240852,False
500000000.0,800.0,36.0,0,800.0,64.19794108567348,67.66284972328428,2,19817.671124984532,0,0.0,780104435.6408519,19857823.53684561,301917911.39976436,0.30832247611180186,False
500000000.0,800.0,36.0,1,400.0,67.69142233400811,69.36559520009548,2,19817.671124984532,1,746.5185517370645,780104435.6408519,21196518.92458484,313290959.2488369,0.3112498372627833,False
500000000.0,800.0,36.0,2,266.6666666666667,68.81651689036241,69.92063524427023,2,19817.671124984532,1,490.8036063851904,780104435.6408519,21754125.461009588,316872483.89344877,0.3122272013968887,False
500000000.0,800.0,36.0,3,200.0,69.37222186568465,70.19593305063248,2,19817.671124984532,1,366.2447824898623,780104435.6408519,22093603.9083248,318656890.3281706,0.3127393070113372,False
500000000.0,800.0,36.0,4,160.0,69.70351833571904,70.36041590514827,2,19817.671124984532,1,292.4693201651804,780104435.6408519,22335342.11907686,319740737.4494825,0.31306485890119423,False
500000000.0,800.0,36.0,5,133.33333333333334,69.92351061153907,70.4697846376714,2,19817.671124984532,1,243.64945142351152,780104435.6408519,22522782.013817005,320477643.5255901,0.313295618341897,False
500000000.0,800.0,36.0,6,114.28571428571429,70.08022514336653,70.54776589159871,2,19817.671124984532,1,208.93832477349545,780104435.6408519,22676024.857383706,321016691.13905984,0.31347099999925326,False
500000000.0,800.0,36.0,7,100.0,70.19753144571494,70.60617606983158,2,19817.671124984532,1,182.9823088673873,780104435.6408519,22805877.283728242,321431781.2775873,0.31361088557835354,False
500000000.0,800.0,36.0,8,88.88888888888889,70.28863433027783,70.65156148675524,2,19817.671124984532,1,162.83369712148712,780104435.6408519,22918768.563131444,321763799.21589273,0.31372645833426716,False
500000000.0,800.0,36.0,9,80.0,70.36143170779152,70.68784172986696,2,19817.671124984532,1,146.73536809011964,780104435.6408519,23018814.51889068,322037244.30450356,0.3138245269245251,False
500000000.0,800.0,36.0,10,72.72727272727273,70.42093722444703,70.71750703704693,2,19817.671124984532,1,133.57464396413286,780104435.6408519,23108800.412815116,322267718.02803916,0.31390949419814135,False
500000000.0,800.0,36.0,11,66.66666666666667,70.4704867721393,70.74221541290572,2,19817.671124984532,1,122.61256015277591,780104435.6408519,23190694.96204681,322465644.0890191,0.31398434578642015,False
500000000.0,800.0,36.0,12,61.53846153846154,70.51238611673925,70.76311348732976,2,19817.671124984532,1,113.33906103908953,780104435.6408519,23265939.356665287,322638262.87181497,0.31405118560172235,False
500000000.0,800.0,36.0,13,57.142857142857146,70.54828003469484,70.78101955574202,2,19817.671124984532,1,105.39069643937965,780104435.6408519,23335619.44861819,322790767.9397931,0.31411154403804875,False
500000000.0,800.0,36.0,14,53.333333333333336,70.57937333126661,70.79653325081544,2,19817.671124984532,1,98.50145434546529,780104435.6408519,23400573.310593925,322926986.81007373,0.3141665643882427,False
500000000.0,800.0,36.0,15,50.0,70.60656873349193,70.8101040071725,2,19817.671124984532,1,92.47214205898408,780104435.6408519,23461461.12842332,323049806.1242,0.31421712037762795,False
500000000.0,800.0,42.0,0,800.0,67.96310498782768,69.49933452921917,2,19817.671124984532,0,0.0,846034205.0354263,19857823.53684561,301917911.39976436,0.3283529492273325,False
500000000.0,800.0,42.0,1,400.0,69.50491103205941,70.26177896490564,2,19817.671124984532,1,336.6566035341519,846034205.0354263,20553195.6825129,307046801.568389,0.3297104942955175,False
500000000.0,800.0,42.0,2,266.6666666666667,70.01130144653192,70.51346216077297,2,19817.671124984532,1,224.1986168341494,846034205.0354263,20853301.038843863,308749145.7770414,0.33018935490987206,False
500000000.0,800.0,42.0,3,200.0,70.26312807275589,70.63885284504508,2,19817.671124984532,1,168.47425983026199,846034205.0354263,21038282.71987401,309617917.5707892,0.33044672045580636,False
500000000.0,800.0,42.0,4,160.0,70.41379174825978,70.71394435537128,2,19817.671124984532,1,135.15517290462446,846034205.0354263,21170856.81753145,310154150.1103348,0.3306130802686628,False
500000000.0,800.0,42.0,5,133.33333333333334,70.51405535706928,70.76394613814955,2,19817.671124984532,1,112.96951555802083,846034205.0354263,21274062.425507337,310523241.4544449,0.33073246359760167,False
500000000.0,800.0,42.0,6,114.28571428571429,70.58558502470751,70.79963278876116,2,19817.671124984532,1,97.12463240860107,846034205.0354263,21358667.496620234,310795947.3639315,0.330824077843653,False
500000000.0,800.0,42.0,7,100.0,70.63918474236165,70.82638200515122,2,19817.671124984532,1,85.2354634088154,846034205.0354263,21430499.06273258,311007717.68885756,0.33089772253378325,False
500000000.0,800.0,42.0,8,88.88888888888889,70.68084531036247,70.84717762163824,2,19817.671124984532,1,75.98090616601738,846034205.0354263,21493040.117651522,311178332.1025722,0.3309589599744454,False
500000000.0,800.0,42.0,9,80.0,70.71415609313951,70.86380824518868,2,19817.671124984532,1,68.56981901799908,846034205.0354263,21548528.29220958,311319727.97607577,0.33101120242852283,False
500000000.0,800.0,42.0,10,72.72727272727273,70.74139870311988,70.87741124245176,2,19817.671124984532,1,62.499370752056514,846034205.0354263,21598482.086219285,311439554.66564286,0.33105667097656966,False
500000000.0,800.0,42.0,11,66.66666666666667,70.76409286658853,70.88874441072392,2,19817.671124984532,1,57.434599525403826,846034205.0354263,21643977.28171877,311542951.4176216,0.3310968805317888,False
500000000.0,800.0,42.0,12,61.53846153846154,70.783289937199,70.8983321252995,2,19817.671124984532,1,53.14371168751457,846034205.0354263,21685802.905078113,311633506.13470614,0.33113290420849245,False
500000000.0,800.0,42.0,13,57.142857142857146,70.79974042622865,70.9065487887628,2,19817.671124984532,1,49.46117432883644,846034205.0354263,21724554.40983095,311713804.4998824,0.33116552631014584,False
500000000.0,800.0,42.0,14,53.333333333333336,70.81399442551897,70.91366886903097,2,19817.671124984532,1,46.26559998123,846034205.0354263,21760692.022447344,311785760.41141313,0.33119533531719103,False
500000000.0,800.0,42.0,15,50.0,70.82646432170675,70.91989815652744,2,19817.671124984532,1,43.46593828436909,846034205.0354263,21794578.73255468,311850823.2094445,0.33122278277379796,False
500000000.0,1200.0,16.0,18,63.1578947368421,21.280869571759684,50.613414512369566,2,19817.671124984532,2,19598.83653912667,567645431.1514989,374049041.5364717,5676430164.424972,1.5135504860430575,False
500000000.0,1200.0,16.0,19,60.0,26.122322312954104,52.02548852135831,2,19817.671124984532,2,16096.009320400368,567645431.1514989,337827131.9502399,4961082765.812699,1.3489988294524884,False
500000000.0,1200.0,16.0,20,57.142857142857146,29.833183933650684,53.2258244811783,2,19817.671124984532,2,13866.81369512494,567645431.1514989,315939605.00317013,4527075753.810007,1.2492001634678247,False
500000000.0,1200.0,16.0,21,54.54545454545455,32.844868017256644,54.266904476709655,2,19817.671124984532,2,12271.969687167883,567645431.1514989,301020167.0833225,4228094509.0543795,1.180514977311266,False
500000000.0,1200.0,16.0,22,52.17391304347826,35.371420228843256,55.18250284990377,2,19817.671124984532,1,11636.042647387641,567645431.1514989,301795692.7867293,4201914674.885932,1.1753500485890216,False
500000000.0,1200.0,16.0,23,50.0,37.53833660555521,55.99628071004968,2,19817.671124984532,1,10567.008891227782,567645431.1514989,292149449.6615891,4004597826.8859797,1.1301019165522257,False
500000000.0,1200.0,18.0,10,109.0909090909091,26.85902601567593,52.256103536764655,2,19817.671124984532,2,15626.67529940692,636549436.0654365,183186009.4615873,2682607922.231149,0.8297931764313091,False
500000000.0,1200.0,18.0,11,100.0,32.88662562397874,54.281733170389735,2,19817.671124984532,2,12251.005528947002,636549436.0654365,166926372.49891797,2354973377.0855613,0.7545620120594443,False
500000000.0,1200.0,18.0,12,92.3076923076923,37.232371579605214,55.87984528567253,2,19817.671124984532,1,10713.24349668456,636549436.0654365,163538087.88293403,2260485139.8719053,0.733396452582001,False
500000000.0,1200.0,18.0,13,85.71428571428571,40.58863765206239,57.18332342551157,2,19817.671124984532,1,9185.489256020113,636549436.0654365,157009417.19697243,2121124027.0094523,0.7015545462662894,False
500000000.0,1200.0,18.0,14,80.0,43.287416775061644,58.271239400455926,2,19817.671124984532,1,8066.449983145484,636549436.0654365,152591222.74696332,2022386478.2396984,0.6790791161128898,False
500000000.0,1200.0,18.0,15,75.0,45.51777705017488,59.19519316690988,2,19817.671124984532,1,7204.948988930921,636549436.0654365,149455899.0418854,1948405384.6963263,0.6623103844994784,False
500000000.0,1200.0,18.0,16,70.58823529411765,47.39866597588718,59.99085728634617,2,19817.671124984532,1,6518.069570791328,636549436.0654365,147160848.3299275,1890739878.4295254,0.649300497491267,False
500000000.0,1200.0,18.0,17,66.66666666666667,49.01000566355803,60.68391804566651,2,19817.671124984532,1,5955.901381975876,636549436.0654365,145446102.25762928,1844444578.8847163,0.6389079681029695,False
500000000.0,1200.0,18.0,18,63.1578947368421,50.40808908985182,61.29345103857383,2,19817.671124984532,1,5486.332106709919,636549436.0654365,144148312.4988672,1806413296.7667558,0.6304158038672777,False
500000000.0,1200.0,18.0,19,60.0,51.634007758298615,61.833974614725726,2,19817.671124984532,1,5087.63547050983,636549436.0654365,143159468.19705534,1774589298.7243838,0.6233493157742078,False
500000000.0,1200.0,18.0,20,57.142857142857146,52.71861369087561,62.316763867332206,2,19817.671124984532,1,4744.52145615062,636549436.0654365,142405230.59890702,1747552970.7347012,0.6173809474198355,False
500000000.0,1200.0,18.0,21,54.54545454545455,53.68560772717981,62.750725224288075,2,19817.671124984532,1,4445.88223135533,636549436.0654365,141832754.72447798,1724290946.66955,0.612276968436384,False
500000000.0,1200.0,18.0,22,52.17391304347826,54.55354775470345,63.142997384345925,2,19817.671124984532,1,4183.433902669205,636549436.0654365,141403459.47511655,1704059444.8300412,0.6078659113134568,False
500000000.0,1200.0,18.0,23,50.0,55.3372018649942,63.499375261478235,2,19817.671124984532,1,3950.8610072025726,636549436.0654365,141088539.79404485,1686299608.323546,0.6040190150796554,False
500000000.0,1200.0,20.0,6,171.42857142857142,33.049709170619664,54.33974636885223,2,19817.671124984532,2,12169.410458141281,616143882.8011364,99637324.6605465,1414307848.234383,0.5239607067026675,False
500000000.0,1200.0,20.0,7,150.0,39.8259723820403,56.8821594723905,2,19817.671124984532,1,9518.539292294185,616143882.8011364,95904105.78846858,1317008049.492772,0.5020657580780999,False
500000000.0,1200.0,20.0,8,133.33333333333334,44.38686778386747,58.7239807670214,2,19817.671124984532,1,7635.078268198962,616143882.8011364,92353140.82187483,1232467972.3308656,0.4829166958252904,False
500000000.0,1200.0,20.0,9,120.0,47.722770205139284,60.129428089767394,2,19817.671124984532,1,6403.114991057118,616143882.8011364,90425403.542315,1179868495.564883,0.4711173510363255,False
500000000.0,1200.0,20.0,10,109.0909090909091,50.2878167389639,61.24072271599173,2,19817.671124984532,1,5526.091649779124,616143882.8011364,89319417.2071949,1143805961.000897,0.4631156397731957,False
500000000.0,1200.0,20.0,11,100.0,52.32939845476464,62.14302685543749,2,19817.671124984532,1,4866.638495561618,616143882.8011364,88682547.60770144,1117481886.0646644,0.4573442812321602,False
500000000.0,1200.0,20.0,12,92.3076923076923,53.99663307681094,62.890998017012876,2,19817.671124984532,1,4351.235908793591,616143882.8011364,88335025.07859644,1097399509.195212,0.4529978084043997,False
500000000.0,1200.0,20.0,13,85.71428571428571,55.385760588011436,63.5215257805397,2,19817.671124984532,1,3936.583635697527,616143882.8011364,88175800.34269714,1081566858.240172,0.4496179316603135,False
500000000.0,1200.0,20.0,14,80.0,56.56208172638733,64.06049324767078,2,19817.671124984532,1,3595.365112177299,616143882.8011364,88143957.02669302,1068762393.7605016,0.44692404196720614,False
500000000.0,1200.0,20.0,15,75.0,57.571649931791676,64.52663585201657,2,19817.671124984532,1,3309.4269176544635,616143882.8011364,88200786.36024578,1058193906.1472366,0.44473448027153245,False
500000000.0,1200.0,20.0,16,70.58823529411765,58.4479656413759,64.9338686586036,2,19817.671124984532,1,3066.201227653297,616143882.8011364,88320660.19168973,1049324457.6047837,0.44292637096584553,False
500000000.0,1200.0,20.0,17,66.66666666666667,59.21602699955913,65.29275317277354,2,19817.671124984532,1,2856.6942983768404,616143882.8011364,88486044.38276325,1041776893.85938,0.44141359486204934,False
500000000.0,1200.0,20.0,18,63.1578947368421,59.89489172515281,65.61145589238784,2,19817.671124984532,1,2674.2912902244516,616143882.8011364,88684617.27057226,1035278347.2999235,0.44013399408326853,False
500000000.0,1200.0,20.0,19,60.0,60.4993573173097,65.8963940798928,2,19817.671124984532,1,2514.0134270684125,616143882.8011364,88907526.66283819,1029626424.0976194,0.43904158147639405,False
500000000.0,1200.0,20.0,20,57.142857142857146,61.041097159721126,66.15268229957678,2,19817.671124984532,1,2372.038651530497,616143882.8011364,89148294.63220766,1024667775.3095787,0.4381016071753768,False
500000000.0,1200.0,20.0,21,54.54545454545455,61.529448997752766,66.38444824885195,2,19817.671124984532,1,2245.382325215828,616143882.8011364,89402106.84912322,1020284054.9592493,0.43728732867598746,False
500000000.0,1200.0,20.0,22,52.17391304347826,61.97197464171162,66.59506061956043,2,19817.671124984532,1,2131.6786528849884,616143882.8011364,89665338.54578322,1016382450.5023644,0.43657783478164003,False
500000000.0,1200.0,20.0,23,50.0,62.37486520306086,66.7872964079343,2,19817.671124984532,1,2029.0274653361262,616143882.8011364,89935230.67507713,1012889135.253543,0.43595654260302363,False
500000000.0,1200.0,24.0,2,400.0,37.71235051587087,56.062721744059566,2,19817.671124984532,1,10484.498343180156,734141119.956768,43383185.37002376,621376017.4389231,0.37084163746842064,False
500000000.0,1200.0,24.0,3,300.0,48.24299384329868,60.352730474253455,2,19817.671124984532,1,6220.603280210204,734141119.956768,42827472.58690794,586226527.406589,0.3632555932096812,False
500000000.0,1200.0,24.0,4,240.0,53.57691199653208,62.70178229540863,2,19817.671124984532,1,4479.118512221121,734141119.956768,43233906.29957473,574871498.6488568,0.3610439834932181,False
500000000.0,1200.0,24.0,5,200.0,56.85553208349389,64.195649723417,2,19817.671124984532,1,3511.6063726296784,734141119.956768,43777451.354357265,569410709.8713816,0.3601224022270302,False
500000000.0,1200.0,24.0,6,171.42857142857142,59.086124605825205,65.2319278922049,2,19817.671124984532,1,2891.8918146530327,734141119.956768,44324746.21840797,566261970.1443964,0.3596864294874045,False
500000000.0,1200.0,24.0,7,150.0,60.70530508335764,65.99372294857595,2,19817.671124984532,1,2459.85605523483,734141119.956768,44845572.42714468,564245517.1510683,0.3594767273573193,False
500000000.0,1200.0,24.0,8,133.33333333333334,61.9354091845069,66.57763663119727,2,19817.671124984532,1,2141.0358235523518,734141119.956768,45333987.906619474,562863634.0337623,0.3593866635382866,False
500000000.0,1200.0,24.0,9,120.0,62.90217474239919,67.039591838484,2,19817.671124984532,1,1895.9063721636765,734141119.956768,45790824.01098356,561871404.2369543,0.3593652985011842,False
500000000.0,1200.0,24.0,10,109.0909090909091,63.68224923848354,67.41424970334404,2,19817.671124984532,1,1701.4806622161068,734141119.956768,46218775.61265762,561134791.4173834,0.35938566822438284,False
500000000.0,1200.0,24.0,11,100.0,64.32508532469934,67.72425373806823,2,19817.671124984532,1,1543.4570579563533,734141119.956768,46620856.13093646,560574471.5818065,0.3594323938894599,False
500000000.0,1200.0,24.0,12,92.3076923076923,64.86404770448176,67.98502977766644,2,19817.671124984532,1,1412.4623370834083,734141119.956768,46999901.67402491,560140591.1809955,0.3594961946286988,False
500000000.0,1200.0,24.0,13,85.71428571428571,65.3224762103275,68.20745276033017,2,19817.671124984532,1,1302.0931385625802,734141119.956768,47358432.345412776,559800288.1293411,0.35957121818984916,False
500000000.0,1200.0,24.0,14,80.0,65.71719422446748,68.39941128755679,2,19817.671124984532,1,1207.8241336985004,734141119.956768,47698638.95851943,559531044.8898237,0.359653643837079,False
500000000.0,1200.0,24.0,15,75.0,66.06063782929297,68.56676769278275,2,19817.671124984532,1,1126.3655634944002,734141119.956768,48022411.74079793,559316928.8661369,0.3597409069045125,False
500000000.0,1200.0,24.0,16,70.58823529411765,66.36220026232631,68.7139698296894,2,19817.671124984532,1,1055.2679567437474,734141119.956768,48331379.95106285,559146358.0383794,0.35983124714567327,False
500000000.0,1200.0,24.0,17,66.66666666666667,66.62910995358861,68.84445367920314,2,19817.671124984532,1,992.6696420448001,734141119.956768,48626950.97278021,559010716.7794368,0.35992343487328854,False
500000000.0,1200.0,24.0,18,63.1578947368421,66.8670208041759,68.9609157700163,2,19817.671124984532,1,937.1302306039046,734141119.956768,48910345.07641469,558903467.506936,0.36001659914631146,False
500000000.0,1200.0,24.0,19,60.0,67.08041913586193,69.06550204040653,2,19817.671124984532,1,887.5177218408298,734141119.956768,49182625.02134006,558819562.9183517,0.36011011678532695,False
500000000.0,1200.0,24.0,20,57.142857142857146,67.27291052635303,69.15994160264435,2,19817.671124984532,1,842.9300956989155,734141119.956768,49444720.77968084,558755046.6457644,0.3602035388476265,False
500000000.0,1200.0,24.0,21,54.54545454545455,67.44742598363128,69.24564330121768,2,19817.671124984532,1,802.6396872839912,734141119.956768,49697450.01879375,558706775.5263088,0.3602965408348296,False
500000000.0,1200.0,24.0,22,52.17391304347826,67.60637275581082,69.32376660820412,2,19817.671124984532,1,766.0529723783636,734141119.956768,49941535.03124946,558672222.4202135,0.36038888831557625,False
500000000.0,1200.0,24.0,23,50.0,67.75174638927159,69.39527447837632,2,19817.671124984532,1,732.6809994655229,734141119.956768,50177616.74131508,558649333.6124836,0.36048041278378357,False
500000000.0,1200.0,30.0,0,1200.0,39.5117065062007,56.75889329193074,2,19817.671124984532,0,0.0,882175137.1980608,19857823.53684561,301917911.39976436,0.3393331176201775,True
500000000.0,1200.0,30.0,1,600.0,57.46327795468443,64.47644203906253,2,19817.671124984532,1,3339.8233706493397,882175137.1980608,24448412.919172533,352799394.4030482,0.35185915424215997,False
500000000.0,1200.0,30.0,2,400.0,62.30820786530226,66.75545956813944,2,19817.671124984532,1,2045.9542541333858,882175137.1980608,25993292.43124111,364257247.9778807,0.3548883904635975,False
500000000.0,1200.0,30.0,3,300.0,64.59454307006058,67.85453251216173,2,19817.671124984532,1,1477.7968722282287,882175137.1980608,26900459.6681545,369459653.6643867,0.3563477359125532,False
500000000.0,1200.0,30.0,4,240.0,65.92829688878993,68.50224276924025,2,19817.671124984532,1,1157.692670377623,882175137.1980608,27539771.07191182,372466696.0432981,0.3572381534574819,False
500000000.0,1200.0,30.0,5,200.0,66.80267375991852,68.92940225708179,2,19817.671124984532,1,952.1279911033823,882175137.1980608,28034047.615529425,374445226.200335,0.35785405778597695,False
500000000.0,1200.0,30.0,6,171.42857142857142,67.42028626926462,69.23231035645499,2,19817.671124984532,1,808.8971571430486,882175137.1980608,28438062.172638766,375858145.450962,0.3583147138084068,False
500000000.0,1200.0,30.0,7,150.0,67.87980800647719,69.45831080004886,2,19817.671124984532,1,703.3541379876522,882175137.1980608,28780693.485397458,376926043.1239432,0.3586780887517345,False
500000000.0,1200.0,30.0,8,133.33333333333334,68.23507435942973,69.63340018422377,2,19817.671124984532,1,622.3391563837284,882175137.1980608,29078932.806293026,377767525.45084554,0.35897594755811413,False
500000000.0,1200.0,30.0,9,120.0,68.51796117157504,69.77304294966339,2,19817.671124984532,1,558.1831926355092,882175137.1980608,29343586.332881805,378452107.7604314,0.3592272535197618,False
500000000.0,1200.0,30.0,10,109.0909090909091,68.74854822047791,69.88701531916907,2,19817.671124984532,1,506.1139261613591,882175137.1980608,29581938.531492177,379023267.8027819,0.3594440815872412,False
500000000.0,1200.0,30.0,11,100.0,68.94011494419127,69.98180071149544,2,19817.671124984532,1,463.0057114457637,882175137.1980608,29799126.89047569,379509616.3648318,0.3596345180578334,False
500000000.0,1200.0,30.0,12,92.3076923076923,69.10179506617652,70.06186855693628,2,19817.671124984532,1,426.72557325083346,882175137.1980608,29998907.935698375,379930767.50433415,0.35980420215845926,False
500000000.0,1200.0,30.0,13,85.71428571428571,69.24007754253346,70.13040003504382,2,19817.671124984532,1,395.76802169056845,882175137.1980608,30184110.688799933,380300628.460846,0.3599571998635638,False
500000000.0,1200.0,30.0,14,80.0,69.35969935003426,70.18972106230738,2,19817.671124984532,1,369.04006021009855,882175137.1980608,30356918.6305257,380629342.6765756,0.36009652574512196,False
500000000.0,1200.0,30.0,15,75.0,69.4641994503597,70.24157163241716,2,19817.671124984532,1,345.7289331226163,882175137.1980608,30519052.324084908,380924488.46465445,0.36022446844716927,False
500000000.0,1200.0,30.0,16,70.58823529411765,69.55627504150111,70.28727939633099,2,19817.671124984532,1,325.21769785307566,882175137.1980608,30671891.834378533,381191846.23643756,0.3603428012664948,False
500000000.0,1200.0,30.0,17,66.66666666666667,69.63801780780167,70.32787498286129,2,19817.671124984532,1,307.0295898099034,882175137.1980608,30816561.237193607,381435905.33800924,0.36045292274819724,False
500000000.0,1200.0,30.0,18,63.1578947368421,69.7110748247278,70.36417066524784,2,19817.671124984532,1,290.7903389325121,882175137.1980608,30953988.459389225,381660208.16998786,0.3605559531484199,False
500000000.0,1200.0,30.0,19,60.0,69.77676073977626,70.3968152824931,2,19817.671124984532,1,276.20202421351195,882175137.1980608,31084948.601926,381867589.50428075,0.3606528022155677,False
500000000.0,1200.0,30.0,20,57.142857142857146,69.83613761693533,70.42633337725984,2,19817.671124984532,1,263.02454436330606,882175137.1980608,31210095.923950206,382060346.48228824,0.3607442178320807,False
500000000.0,1200.0,30.0,21,54.54545454545455,69.8900728214883,70.45315360050584,2,19817.671124984532,1,251.0622358522267,882175137.1980608,31329987.868908886,382240361.67346114,0.3608308215816565,False
500000000.0,1200.0,30.0,22,52.17391304347826,69.93928168291443,70.4776296669619,2,19817.671124984532,1,240.154043731722,882175137.1980608,31445103.394678593,382409193.6745078,0.3609131351965369,False
500000000.0,1200.0,30.0,23,50.0,69.9843594100882,70.50005604522664,2,19817.671124984532,1,230.1661913127627,882175137.1980608,31555857.154295154,382568144.8357564,0.3609916005229838,False
500000000.0,1200.0,36.0,0,1200.0,60.50307943962979,65.89815200717143,2,19817.671124984532,0,0.0,1137397123.0662515,19857823.53684561,301917911.39976436,0.4168734635575296,False
500000000.0,1200.0,36.0,1,600.0,65.96781145847062,68.52150392826157,2,19817.671124984532,1,1148.3308911647225,1137397123.0662515,21765527.651915856,319412482.8895086,0.4213146457619552,False
500000000.0,1200.0,36.0,2,400.0,67.69142233400811,69.36559520009548,2,19817.671124984532,1,746.5185517370645,1137397123.0662515,22535214.312324073,324664007.0979094,0.4227281858594924,False
500000000.0,1200.0,36.0,3,300.0,68.53697478070806,69.78243584560853,2,19817.671124984532,1,553.8821140236545,1137397123.0662515,22999691.192684166,327232732.19374985,0.42345550288724915,False
500000000.0,1200.0,36.0,4,240.0,69.03933563401107,70.03092957291463,2,19817.671124984532,1,440.73017705624505,1137397123.0662515,23329170.141758047,328775625.1459397,0.4239129627041111,False
500000000.0,1200.0,36.0,5,200.0,69.37222186568465,70.19593305063248,2,19817.671124984532,1,366.2447824898623,1137397123.0662515,23584124.155977592,329816209.6137748,0.4242348483900883,False
500000000.0,1200.0,36.0,6,171.42857142857142,69.6090230964073,70.3134736047182,2,19817.671124984532,1,313.4787941289329,1137397123.0662515,23792312.557635278,330572599.0857065,0.42447815209860046,False
500000000.0,1200.0,36.0,7,150.0,69.786096708635,70.40145592082726,2,19817.671124984532,1,274.12950367472115,1137397123.0662515,23968587.479529098,331152035.16556245,0.42467138661603643,False
500000000.0,1200.0,36.0,8,133.33333333333334,69.92351061153907,70.4697846376714,2,19817.671124984532,1,243.64945142351152,1137397123.0662515,24121757.099999845,331613482.8010856,0.4248304911256818,False
500000000.0,1200.0,36.0,9,120.0,70.03324760550566,70.52438365864461,2,19817.671124984532,1,219.33863526710178,1137397123.0662515,24257447.706273068,331992099.2336049,0.4249651219904754,False
500000000.0,1200.0,36.0,10,109.0909090909091,70.12290468579445,70.56901345405873,2,19817.671124984532,1,199.49262532161077,1137397123.0662515,24379460.601607546,332310179.1878915,0.425081497962657,False
500000000.0,1200.0,36.0,11,100.0,70.19753144571494,70.60617606983158,2,19817.671124984532,1,182.9823088673873,1137397123.0662515,24490479.42480403,332582564.0649147,0.42518382129068216,False
500000000.0,1200.0,36.0,12,92.3076923076923,70.26061525515512,70.63760090293714,2,19817.671124984532,1,169.0299696239072,1137397123.0662515,24592466.88463915,332819529.4986602,0.425275044153132,False
500000000.0,1200.0,36.0,13,85.71428571428571,70.31464204558914,70.66452157923847,2,19817.671124984532,1,157.0824127568432,1137397123.0662515,24686900.675208863,333028424.72976315,0.42535730814676587,False
500000000.0,1200.0,36.0,14,80.0,70.36143170779152,70.68784172986696,2,19817.671124984532,1,146.73536809011964,1137397123.0662515,24774920.620026827,333214651.4738031,0.4254322092662101,False
500000000.0,1200.0,36.0,15,75.0,70.40234715330682,70.70823841767915,2,19817.671124984532,1,137.68651617548753,1137397123.0662515,24857424.170837574,333382273.5309975,0.4255009645009083,False
500000000.0,1200.0,36.0,16,70.58823529411765,70.43842928012845,70.72622895894872,2,19817.671124984532,1,129.70524278373497,1137397123.0662515,24935130.5088218,333534410.2320571,0.4255645203637706,False
500000000.0,1200.0,36.0,17,66.66666666666667,70.4704867721393,70.74221541290572,2,19817.671124984532,1,122.61256015277591,1137397123.0662515,25008624.830338366,333673498.28315806,0.42562362578193963,False
500000000.0,1200.0,36.0,18,63.1578947368421,70.49915743498124,70.7565149872112,2,19817.671124984532,1,116.26741894655913,1137397123.0662515,25078389.717665054,333801470.7380138,0.42567888236721013,False
500000000.0,1200.0,36.0,19,60.0,70.52495106604671,70.76938130039106,2,19817.671124984532,1,110.55715707127557,1137397123.0662515,25144827.853040826,333919882.22227407,0.42573077990141794,False
500000000.0,1200.0,36.0,20,57.142857142857146,70.54828003469484,70.78101955574202,2,19817.671124984532,1,105.39069643937965,1137397123.0662515,25208278.785726503,334029998.38442403,0.42577972190560154,False
500000000.0,1200.0,36.0,21,54.54545454545455,70.56948149567033,70.7915975681081,2,19817.671124984532,1,100.6936073618815,1137397123.0662515,25269031.52362142,334132860.98288035,0.425826044404562,False
500000000.0,1200.0,36.0,22,52.17391304347826,70.58883378997275,70.80125390824925,2,19817.671124984532,1,96.40446848137388,1137397123.0662515,25327334.135751273,334229336.03581715,0.425870029925724,False
500000000.0,1200.0,36.0,23,50.0,70.60656873349193,70.8101040071725,2,19817.671124984532,1,92.47214205898408,1137397123.0662515,25383401.17726476,334320149.9772324,0.4259119180984629,False
500000000.0,1200.0,42.0,0,1200.0,66.38550008547409,68.72535304382032,2,19817.671124984532,0,0.0,1231208275.8307307,19857823.53684561,301917911.39976436,0.44537472771545444,False
500000000.0,1200.0,42.0,1,600.0,68.7383309993812,69.88196247096307,2,19817.671124984532,1,508.4168857380992,1231208275.8307307,20833872.920865655,309663532.1285744,0.44739465413868384,False
500000000.0,1200.0,42.0,2,400.0,69.50491103205941,70.26177896490564,2,19817.671124984532,1,336.6566035341519,1231208275.8307307,21248567.828180194,312175691.7370137,0.44808981785182467,False
500000000.0,1200.0,42.0,3,300.0,69.88504784337988,70.45065454681756,2,19817.671124984532,1,252.17643746067392,1231208275.8307307,21502684.068136834,313443471.01101047,0.4484589300069028,False
500000000.0,1200.0,42.0,4,240.0,70.11214063747944,70.56365427455341,2,19817.671124984532,1,201.87463472983532,1231208275.8307307,21684222.296288267,314219976.0970399,0.4486955726121848,False
500000000.0,1200.0,42.0,5,200.0,70.26312807275589,70.63885284504508,2,19817.671124984532,1,168.47425983026199,1231208275.8307307,21825255.508559607,314751255.0181391,0.44886434642957757,False
500000000.0,1200.0,42.0,6,171.42857142857142,70.37077789920379,70.69250053261767,2,19817.671124984532,1,144.66846654833083,1231208275.8307307,21940705.38255406,315141867.22894746,0.4489932310510599,False
500000000.0,1200.0,42.0,7,150.0,70.45140732318268,70.73270056507492,2,19817.671124984532,1,126.83408529550555,1231208275.8307307,22038621.85801479,315443939.41771287,0.4490964245722308,False
500000000.0,1200.0,42.0,8,133.33333333333334,70.51405535706928,70.76394613814955,2,19817.671124984532,1,112.96951555802083,1231208275.8307307,22123805.758704375,315686439.4872532,0.44918195070788514,False
500000000.0,1200.0,42.0,9,120.0,70.56413373779982,70.78892931903806,2,19817.671124984532,1,101.87855509291377,1231208275.8307307,22199335.942320127,315886790.15372145,0.44925471340360934,False
500000000.0,1200.0,42.0,10,109.0909090909091,70.60508053907598,70.80936133915178,2,19817.671124984532,1,92.80218137733492,1231208275.8307307,22267298.82530504,316056121.98872876,0.4493178943084345,False
500000000.0,1200.0,42.0,11,100.0,70.63918474236165,70.82638200515122,2,19817.671124984532,1,85.2354634088154,1231208275.8307307,22329170.79181085,316201892.7111964,0.44937365719701994,False
500000000.0,1200.0,42.0,12,92.3076923076923,70.66802928990673,70.84077983912594,2,19817.671124984532,1,78.8293953563114,1231208275.8307307,22386033.604350906,316329295.81690425,0.44942353078080605,False
500000000.0,1200.0,42.0,13,85.71428571428571,70.69274382035815,70.85311772865116,2,19817.671124984532,1,73.33498903573279,1231208275.8307307,22438702.928171072,316442065.40218043,0.4494686296511236,False
500000000.0,1200.0,42.0,14,80.0,70.71415609313951,70.86380824518868,2,19817.671124984532,1,68.56981901799908,1231208275.8307307,22487808.711856235,316542959.4073599,0.44950978825063936,False
500000000.0,1200.0,42.0,15,75.0,70.73288651461743,70.87316068038342,2,19817.671124984532,1,64.39715855513012,1231208275.8307307,22533847.472113393,316634062.06784105,0.44954764552935844,False
500000000.0,1200.0,42.0,16,70.58823529411765,70.74940923910435,70.881411460505,2,19817.671124984532,1,60.712503179091584,1231208275.8307307,22577217.45405169,316716980.00077564,0.4495827003444263,False
500000000.0,1200.0,42.0,17,66.66666666666667,70.76409286658853,70.88874441072392,2,19817.671124984532,1,57.434599525403826,1231208275.8307307,22618242.960740484,316792973.2455437,0.44961534882234155,False
500000000.0,1200.0,42.0,18,63.1578947368421,70.77722826688921,70.89530461299157,2,19817.671124984532,1,54.49931456478115,1231208275.8307307,22657191.610825583,316863045.1746769,0.44964591022457046,False
500000000.0,1200.0,42.0,19,60.0,70.78904804321286,70.90120810212088,2,19817.671124984532,1,51.855348364861655,1231208275.8307307,22694286.848511398,316928005.6290645,0.44967464527013046,False
500000000.0,1200.0,42.0,20,57.142857142857146,70.79974042622865,70.9065487887628,2,19817.671124984532,1,49.46117432883644,1231208275.8307307,22729717.187592283,316988516.16917676,0.44970176938132117,False
500000000.0,1200.0,42.0,21,54.54545454545455,70.80945937334894,70.91140349246805,2,19817.671124984532,1,47.28281545541777,1231208275.8307307,22763643.159688346,317045123.1061621,0.44972746243426087,False
500000000.0,1200.0,42.0,22,52.17391304347826,70.81833202975842,70.91583566056899,2,19817.671124984532,1,45.29220164873249,1231208275.8307307,22796202.61724884,317098282.0114926,0.4497518760540462,False
500000000.0,1200.0,42.0,23,50.0,70.82646432170675,70.91989815652744,2,19817.671124984532,1,43.46593828436909,1231208275.8307307,22827514.836932853,317148376.1746073,0.4497751391533682,False
500000000.0,1600.0,16.0,25,61.53846153846154,23.88656270971025,51.350378848849665,2,19817.671124984532,2,17615.430801932867,743717204.7691764,470459799.46444106,7011099382.048979,1.885820062196547,False
500000000.0,1600.0,16.0,26,59.25925925925926,27.13317397289432,52.342920302864165,2,19817.671124984532,2,15455.647835213762,743717204.7691764,440684682.67650765,6423967217.396785,1.7507432707221784,False
500000000.0,1600.0,16.0,27,57.142857142857146,29.833183933650684,53.2258244811783,2,19817.671124984532,2,13866.81369512494,743717204.7691764,419568228.5163837,6005880998.653592,1.6545925581326084,False
500000000.0,1600.0,16.0,28,55.172413793103445,32.143755685173424,54.01950297672735,2,19817.671124984532,2,12628.41190536464,743717204.7691764,403673968.2220998,5688868993.396006,1.581734524336241,False
500000000.0,1600.0,16.0,29,53.333333333333336,34.15957236874116,54.73873140734423,2,19817.671124984532,1,12270.043133992038,743717204.7691764,408079495.8847863,5722929664.0247,1.5906632497476318,False
500000000.0,1600.0,16.0,30,51.61290322580645,35.94313304599294,55.39472526653633,2,19817.671124984532,1,11346.24284815481,743717204.7691764,396425428.1555313,5487644207.912955,1.5366463952563125,False
500000000.0,1600.0,16.0,31,50.0,37.53833660555521,55.99628071004968,2,19817.671124984532,1,10567.008891227782,743717204.7691764,386859580.48758686,5292486493.142055,1.4918831253659612,False
500000000.0,1600.0,18.0,13,114.28571428571429,22.70732884804054,51.00996862116297,2,19817.671124984532,2,18481.708205106755,833823274.138732,263607813.63214755,3962260399.04769,1.1904621088467382,False
500000000.0,1600.0,18.0,14,106.66666666666667,28.59090839567159,52.813424467252666,2,19817.671124984532,2,14577.213602556241,833823274.138732,235809309.13126677,3411047435.2562823,1.0637122170090247,False
500000000.0,1600.0,18.0,15,100.0,32.88662562397874,54.281733170389735,2,19817.671124984532,2,12251.005528947002,833823274.138732,220405844.84876245,3101539000.971306,0.9926254572183263,False
500000000.0,1600.0,18.0,16,94.11764705882354,36.25673486683726,55.51190041425063,2,19817.671124984532,1,11189.700690930222,833823274.138732,218412007.8421772,3029480431.1228604,0.9767249528981874,False
500000000.0,1600.0,18.0,17,88.88888888888889,39.00872101212523,56.562629943249355,2,19817.671124984532,1,9884.322239076968,833823274.138732,210359416.88998163,2861871420.6925335,0.9383469937404022,False
500000000.0,1600.0,18.0,18,84.21052631578948,41.31593763186006,57.47314412905262,2,19817.671124984532,1,8875.032713132661,833823274.138732,204464825.2979234,2735683403.933257,0.9095218587996531,False
500000000.0,1600.0,18.0,19,80.0,43.287416775061644,58.271239400455926,2,19817.671124984532,1,8066.449983145484,833823274.138732,199996008.1791482,2636839537.8253894,0.8870035156922519,False
500000000.0,1600.0,18.0,20,76.19047619047619,44.996767448297916,58.977420962406256,2,19817.671124984532,1,7401.446999648651,833823274.138732,196522123.3185695,2557106631.988363,0.8688923884126879,False
500000000.0,1600.0,18.0,21,72.72727272727273,46.496222902453816,59.60727001420296,2,19817.671124984532,1,6843.341709270861,833823274.138732,193771317.5571636,2491311199.812752,0.8539943821513025,False
500000000.0,1600.0,18.0,22,69.56521739130434,47.82424982836058,60.17290261532952,2,19817.671124984532,1,6367.320061564417,833823274.138732,191562815.0376492,2436022124.034016,0.8415173634798742,False
500000000.0,1600.0,18.0,23,66.66666666666667,49.01000566355803,60.68391804566651,2,19817.671124984532,1,5955.901381975876,833823274.138732,189771377.10025877,2388865755.644111,0.8309132614677415,False
500000000.0,1600.0,18.0,24,64.0,50.07610903373794,61.148040917819955,2,19817.671124984532,1,5596.363984052157,833823274.138732,188307335.72548604,2348143240.107809,0.8217898004824098,False
500000000.0,1600.0,18.0,25,61.53846153846154,51.040443645035346,61.57157018944972,2,19817.671124984532,1,5279.199053252474,833823274.138732,187104728.3269596,2312604159.508098,0.8138582663853994,False
500000000.0,1600.0,18.0,26,59.25925925925926,51.91737764809949,61.95970152310757,2,19817.671124984532,1,4997.138709162414,833823274.138732,186113917.48559356,2281306280.7890363,0.8069011307155557,False
500000000.0,1600.0,18.0,27,57.142857142857146,52.71861369087561,62.316763867332206,2,19817.671124984532,1,4744.52145615062,833823274.138732,185296823.07062852,2253525241.501929,0.8007511961977782,False
500000000.0,1600.0,18.0,28,55.172413793103445,53.453797033358235,62.646396369155305,2,19817.671124984532,1,4516.864481086756,833823274.138732,184623741.90369648,2228694467.784042,0.7952777197259123,False
500000000.0,1600.0,18.0,29,53.333333333333336,54.13096026513932,62.95168282948951,2,19817.671124984532,1,4310.567403859753,833823274.138732,184071167.4488333,2206364073.6198196,0.7903769174886854,False
500000000.0,1600.0,18.0,30,51.61290322580645,54.75685476380141,63.23525535285817,2,19817.671124984532,1,4122.70218149858,833823274.138732,183620259.1751855,2186172056.26555,0.7859653096236277,False
500000000.0,1600.0,18.0,31,50.0,55.3372018649942,63.499375261478235,2,19817.671124984532,1,3950.8610072025726,833823274.138732,183255745.44872284,2167823676.818774,0.7819749554837397,False
500000000.0,1600.0,20.0,8,177.77777777777777,30.756541044617002,53.538929034748215,2,19817.671124984532,2,13359.631233653932,805962770.8618585,134715971.33066577,1930166532.0162296,0.7039484371268407,False
500000000.0,1600.0,20.0,9,160.0,36.819240933003215,55.72341608511151,2,19817.671124984532,1,10913.082687250235,805962770.8618585,129268613.37777978,1798243892.378562,0.6741050945010655,False
500000000.0,1600.0,20.0,10,145.45454545454547,41.120053396220065,57.39483755091106,2,19817.671124984532,1,8957.977704768058,805962770.8618585,123204990.49317735,1666646340.8566027,0.6440783921637807,False
500000000.0,1600.0,20.0,11,133.33333333333334,44.38686778386747,58.7239807670214,2,19817.671124984532,1,7635.078268198962,805962770.8618585,119538884.80376078,1581424245.180029,0.62473955905321,False
500000000.0,1600.0,20.0,12,123.07692307692308,46.97397811187421,59.8099264118859,2,19817.671124984532,1,6670.179238524576,805962770.8618585,117163956.3406702,1521342679.3192487,0.6111912278875112,False
500000000.0,1600.0,20.0,13,114.28571428571429,49.08308679537716,60.71559377608959,2,19817.671124984532,1,5930.9478666472905,805962770.8618585,115564844.77762042,1476555029.7541876,0.6011615350460043,False
500000000.0,1600.0,20.0,14,106.66666666666667,50.84025531448997,61.48336325498872,2,19817.671124984532,1,5344.428010468583,805962770.8618585,114466870.6125792,1441814696.102142,0.5934399246382408,False
500000000.0,1600.0,20.0,15,100.0,52.32939845476464,62.14302685543749,2,19817.671124984532,1,4866.638495561618,805962770.8618585,113709719.99710354,1414050604.124628,0.5873179943196601,False
500000000.0,1600.0,20.0,16,94.11764705882354,53.609007560605995,62.716229844401816,2,19817.671124984532,1,4469.295883959344,805962770.8618585,113193465.3486917,1391337930.6967065,0.5823519712264271,False
500000000.0,1600.0,20.0,17,88.88888888888889,54.721323506434445,63.219121656258885,2,19817.671124984532,1,4133.2959658433565,805962770.8618585,112852623.73599426,1372405624.849143,0.5782490169235085,False
500000000.0,1600.0,20.0,18,84.21052631578948,55.69772749256656,63.66401927552051,2,19817.671124984532,1,3845.225168322992,805962770.8618585,112642559.38617879,1356378962.775711,0.5748077780808251,False
500000000.0,1600.0,20.0,19,80.0,56.56208172638733,64.06049324767078,2,19817.671124984532,1,3595.365112177299,805962770.8618585,112531861.84449565,1342635423.1750507,0.571885101221225,False
500000000.0,1600.0,20.0,20,76.19047619047619,57.33288903206011,64.41610016947051,2,19817.671124984532,1,3376.489091960952,805962770.8618585,112497838.49310677,1330719457.33291,0.5693763489848116,False
500000000.0,1600.0,20.0,21,72.72727272727273,58.02473811604189,64.73689040960798,2,19817.671124984532,1,3183.1040398236164,805962770.8618585,112523729.30336335,1320289770.8188121,0.5672032260575938,False
500000000.0,1600.0,20.0,22,69.56521739130434,58.64929919561214,65.02776834309805,2,19817.671124984532,1,3010.9555003939645,805962770.8618585,112596921.55639961,1311085466.244851,0.5653059620488694,False
500000000.0,1600.0,20.0,23,66.66666666666667,59.21602699955913,65.29275317277354,2,19817.671124984532,1,2856.6942983768404,805962770.8618585,112707769.38720477,1302903593.5510092,0.5636381295431614,False
500000000.0,1600.0,20.0,24,64.0,59.73266783335996,65.53517116280213,2,19817.671124984532,1,2717.646091398387,805962770.8618585,112848792.10457855,1295583849.235585,0.5621631134753489,False
500000000.0,1600.0,20.0,25,61.53846153846154,60.205632191753196,65.75779957490305,2,19817.671124984532,1,2591.6483594193533,805962770.8618585,113014116.94914427,1288997895.248179,0.5608516474604478,False
500000000.0,1600.0,20.0,26,59.25925925925926,60.64027310886776,65.96297597422698,2,19817.671124984532,1,2476.932752907826,805962770.8618585,113199083.77803509,1283041744.099393,0.559680058166706,False
500000000.0,1600.0,20.0,27,57.142857142857146,61.041097159721126,66.15268229957678,2,19817.671124984532,1,2372.038651530497,805962770.8618585,113399959.5155844,1277630227.6780133,0.5586289907414077,False
500000000.0,1600.0,20.0,28,55.172413793103445,61.41192652462518,66.32861027426186,2,19817.671124984532,1,2275.748635768865,805962770.8618585,113613728.54717752,1272692912.0630465,0.5576824679710586,False
500000000.0,1600.0,20.0,29,53.333333333333336,61.75602495305631,66.49221283686666,2,19817.671124984532,1,2187.0396234252808,805962770.8618585,113837936.62316337,1268171034.764909,0.5568271853408251,False
500000000.0,1600.0,20.0,30,51.61290322580645,62.07619673034462,66.64474497107578,2,19817.671124984532,1,2105.0453874941904,805962770.8618585,114070573.09001403,1264015177.1971092,0.5560519756675322,False
500000000.0,1600.0,20.0,31,50.0,62.37486520306086,66.7872964079343,2,19817.671124984532,1,2029.0274653361262,805962770.8618585,114309980.98402722,1260183473.9852922,0.5553473974988299,False
500000000.0,1600.0,24.0,3,400.0,37.71235051587087,56.062721744059566,2,19817.671124984532,1,10484.498343180156,959985174.4292502,55145866.28661282,781105070.4585027,0.47769827827203054,False
500000000.0,1600.0,24.0,4,320.0,46.328753925159965,59.536455545676866,2,19817.671124984532,1,6904.562463972205,959985174.4292502,53227758.093969375,722675943.9868705,0.46468229567901553,False
500000000.0,1600.0,24.0,5,266.6666666666667,51.27482955741641,61.675033536751016,2,19817.671124984532,1,5203.227575117971,959985174.4292502,52910776.78762318,698268116.2522291,0.45944265413509,False
500000000.0,1600.0,24.0,6,228.57142857142858,54.533777936791644,63.134033586615146,2,19817.671124984532,1,4189.354426743817,959985174.4292502,53045214.61223464,684861335.1730776,0.4566904955934385,False
500000000.0,1600.0,24.0,7,200.0,56.85553208349389,64.195649723417,2,19817.671124984532,1,3511.6063726296784,959985174.4292502,53345302.481361926,676407829.2600285,0.4550429969128348,False
500000000.0,1600.0,24.0,8,177.77777777777777,58.597775748022805,65.00372646478152,2,19817.671124984532,1,3025.071173447575,959985174.4292502,53711113.82278779,670608325.0262097,0.45397798616481005,False
500000000.0,1600.0,24.0,9,160.0,59.95512953793247,65.63980242980467,2,19817.671124984532,1,2658.2294530725735,959985174.4292502,54101129.16762188,666395841.9740977,0.4532551282141626,False
500000000.0,1600.0,24.0,10,145.45454545454547,61.043246409756776,66.15370078804276,2,19817.671124984532,1,2371.4784952593477,959985174.4292502,54496329.690337405,663207504.7644928,0.4527488133307571,False
500000000.0,1600.0,24.0,11,133.33333333333334,61.9354091845069,66.57763663119727,2,19817.671124984532,1,2141.0358235523518,959985174.4292502,54887549.54528467,660718280.0215116,0.452387249091535,False
500000000.0,1600.0,24.0,12,123.07692307692308,62.680398485424035,66.93338583975444,2,19817.671124984532,1,1951.7260050260677,959985174.4292502,55270326.083131626,658727368.1794865,0.4521265729858501,False
500000000.0,1600.0,24.0,13,114.28571428571429,63.311983903609445,67.2362063757273,2,19817.671124984532,1,1793.3967425670464,959985174.4292502,55642578.00108221,657104034.9537387,0.4519385637645581,False
500000000.0,1600.0,24.0,14,106.66666666666667,63.85430497464006,67.49711183768291,2,19817.671124984532,1,1658.993142150097,959985174.4292502,56003477.04986472,655759509.5793955,0.4518042973922903,False
500000000.0,1600.0,24.0,15,100.0,64.32508532469934,67.72425373806823,2,19817.671124984532,1,1543.4570579563533,959985174.4292502,56352867.983333126,654631402.5570945,0.45171064790810816,False
500000000.0,1600.0,24.0,16,94.11764705882354,64.73763670659673,67.92379579646804,2,19817.671124984532,1,1443.0656957464191,959985174.4292502,56690957.4408028,653674586.0359699,0.45164825110173823,False
500000000.0,1600.0,24.0,17,88.88888888888889,65.10215433523713,68.10048577971668,2,19817.671124984532,1,1355.0173111306717,959985174.4292502,57018141.79672866,652855612.2233812,0.45161026565004053,False
500000000.0,1600.0,24.0,18,84.21052631578948,65.42658024926837,68.25804045168212,2,19817.671124984532,1,1277.1624258237355,959985174.4292502,57334909.87019569,652149165.8413062,0.45159159066754545,False
500000000.0,1600.0,24.0,19,80.0,65.71719422446748,68.39941128755679,2,19817.671124984532,1,1207.8241336985004,959985174.4292502,57641787.32340294,651535735.4219877,0.4515883554562826,False
500000000.0,1600.0,24.0,20,76.19047619047619,65.97902769614069,68.52697196585723,2,19817.671124984532,1,1145.6747987358222,959985174.4292502,57939304.89249424,651000041.3797923,0.451597577426605,False
500000000.0,1600.0,24.0,21,72.72727272727273,66.21615968857142,68.64265326961255,2,19817.671124984532,1,1089.6494968567065,959985174.4292502,58227980.51597153,650529948.6897813,0.4516169271511058,False
500000000.0,1600.0,24.0,22,69.56521739130434,66.43193226460716,68.74804185120928,2,19817.671124984532,1,1038.8840157934162,959985174.4292502,58508309.679745026,650115698.397516,0.45164456352514304,False
500000000.0,1600.0,24.0,23,66.66666666666667,66.62910995358861,68.84445367920314,2,19817.671124984532,1,992.6696420448001,959985174.4292502,58780760.65605124,649749353.9722623,0.4516790159061914,False
500000000.0,1600.0,24.0,24,64.0,66.80999946491248,68.93298943341593,2,19817.671124984532,1,950.4196555669157,959985174.4292502,59045772.656920984,649424395.5500051,0.4517190984062818,False
500000000.0,1600.0,24.0,25,61.53846153846154,66.97654078053766,69.01457682374095,2,19817.671124984532,1,911.644138181813,959985174.4292502,59303755.70635523,649135417.9420549,0.45176384661126434,False
500000000.0,1600.0,24.0,26,59.25925925925926,67.13037731097243,69.09000329937662,2,19817.671124984532,1,875.9307824313814,959985174.4292502,59555091.50145201,648877902.7155409,0.4518124702121345,False
500000000.0,1600.0,24.0,27,57.142857142857146,67.27291052635303,69.15994160264435,2,19817.671124984532,1,842.9300956989155,959985174.4292502,59800134.81467318,648648043.9818645,0.45186431710208497,False
500000000.0,1600.0,24.0,28,55.172413793103445,67.40534293127229,69.22496993013836,2,19817.671124984532,1,812.3438674756321,959985174.4292502,60039215.16235255,648442613.6857176,0.451918845852497,False
500000000.0,1600.0,24.0,29,53.333333333333336,67.52871218732385,69.28558798433022,2,19817.671124984532,1,783.9160893276843,959985174.4292502,60272638.571783245,648258856.3263817,0.45197560439144957,False
500000000.0,1600.0,24.0,30,51.61290322580645,67.64391844154427,69.34222986116505,2,19817.671124984532,1,757.4257394291468,959985174.4292502,60500689.34618729,648094405.8727728,0.4520342133281172,False
500000000.0,1600.0,24.0,31,50.0,67.75174638927159,69.39527447837632,2,19817.671124984532,1,732.6809994655229,959985174.4292502,60723631.76895665,647947219.5995164,0.45209435279518423,False
500000000.0,1600.0,30.0,1,800.0,52.17033504980515,62.072180453857975,2,19817.671124984532,1,4916.8681483076125,1152585711.9804716,26167683.372307286,376825328.75485075,0.4397458163902554,True
500000000.0,1600.0,30.0,2,533.3333333333334,59.12238547843041,65.24890144539413,2,19817.671124984532,1,2882.0571995294276,1152585711.9804716,27990645.223022632,389732941.20107836,0.4431920439283149,False
500000000.0,1600.0,30.0,3,400.0,62.30820786530226,66.75545956813944,2,19817.671124984532,1,2045.9542541333858,1152585711.9804716,29061026.878438856,395426916.2669389,0.4448208986234151,False
500000000.0,1600.0,30.0,4,320.0,64.14379587318692,67.63671376156488,2,19817.671124984532,1,1587.8240882656987,1152585711.9804716,29819348.406987473,398678530.6220775,0.4458110765452298,False
500000000.0,1600.0,30.0,5,266.6666666666667,65.33887870258648,68.21542138215058,2,19817.671124984532,1,1298.161843289276,1152585711.9804716,30408707.449740026,400803978.76684314,0.4464965332192315,False
500000000.0,1600.0,30.0,6,228.57142857142858,66.179297686804,68.62466106919067,2,19817.671124984532,1,1098.3424150472981,1152585711.9804716,30892609.751466773,402315958.9386965,0.4470105224859515,False
500000000.0,1600.0,30.0,7,200.0,66.80267375991852,68.92940225708179,2,19817.671124984532,1,952.1279911033823,1152585711.9804716,31304537.247002956,403456152.1205633,0.44741730559040427,False
500000000.0,1600.0,30.0,8,177.77777777777777,67.28352897944914,69.16515394246365,2,19817.671124984532,1,840.4750005252774,1152585711.9804716,31664223.854738116,404353542.76813203,0.44775193934018276,False
500000000.0,1600.0,30.0,9,160.0,67.66575287611737,69.35296867385983,2,19817.671124984532,1,752.4112766514037,1152585711.9804716,31984250.625870705,405083311.4888021,0.4480352972848375,False
500000000.0,1600.0,30.0,10,145.45454545454547,67.97688296798897,69.50612185480415,2,19817.671124984532,1,681.1673394356577,1152585711.9804716,32273121.115406815,405692274.76422286,0.4482806507768091,False
500000000.0,1600.0,30.0,11,133.33333333333334,68.23507435942973,69.63340018422377,2,19817.671124984532,1,622.3391563837284,1152585711.9804716,32536848.782335807,406211130.72000104,0.44849688052294795,False
500000000.0,1600.0,30.0,12,123.07692307692308,68.45278336174245,69.7408513118175,2,19817.671124984532,1,572.9375589367684,1152585711.9804716,32779842.214909684,406660861.30486536,0.4486901781772215,False
500000000.0,1600.0,30.0,13,114.28571428571429,68.63884147434717,69.83277414320398,2,19817.671124984532,1,530.8621051326143,1152585711.9804716,33005429.832197554,407056305.3693332,0.4488650085119037,False
500000000.0,1600.0,30.0,14,106.66666666666667,68.7996848349033,69.91230840150867,2,19817.671124984532,1,494.5935367609359,1152585711.9804716,33216186.652252425,407408261.5708273,0.4490246830223946,False
500000000.0,1600.0,30.0,15,100.0,68.94011494419127,69.98180071149544,2,19817.671124984532,1,463.0057114457637,1152585711.9804716,33414146.291795716,407724781.80667454,0.4491717172278158,False
500000000.0,1600.0,30.0,16,94.11764705882354,69.06378673620809,70.04304017399178,2,19817.671124984532,1,435.24614146822705,1152585711.9804716,33600943.32599582,408011996.9444369,0.4493080616359657,False
500000000.0,1600.0,30.0,17,88.88888888888889,69.17353159804289,70.09741467316964,2,19817.671124984532,1,410.65760844397147,1152585711.9804716,33777911.73649973,408274661.05102736,0.4494352558546207,False
500000000.0,1600.0,30.0,18,84.21052631578948,69.27157699305127,70.14601738456788,2,19817.671124984532,1,388.725266521677,1152585711.9804716,33946154.743542045,408516520.1391349,0.44955453428690945,False
500000000.0,1600.0,30.0,19,80.0,69.35969935003426,70.18972106230738,2,19817.671124984532,1,369.04006021009855,1152585711.9804716,34106595.44969717,408740568.1325796,0.44966690038499535,False
500000000.0,1600.0,30.0,20,76.19047619047619,69.43933273835424,70.22923093247807,2,19817.671124984532,1,351.2728725154058,1152585711.9804716,34260014.29114227,408949228.38184977,0.44977317993376137,False
500000000.0,1600.0,30.0,21,72.72727272727273,69.51164756213943,70.26512305198834,2,19817.671124984532,1,335.1559020259521,1152585711.9804716,34407077.21625328,409144484.8548846,0.44987406001482555,False
500000000.0,1600.0,30.0,22,69.56521739130434,69.57760849997098,70.29787258869018,2,19817.671124984532,1,320.46901531296754,1152585711.9804716,34548357.21741308,409327978.5843124,0.44997011798446546,False
500000000.0,1600.0,30.0,23,66.66666666666667,69.63801780780167,70.32787498286129,2,19817.671124984532,1,307.0295898099034,1152585711.9804716,34684351.013787016,409501079.6691545,0.45006184335501764,False
500000000.0,1600.0,30.0,24,64.0,69.6935481250181,70.35546199652252,2,19817.671124984532,1,294.68484811860986,1152585711.9804716,34815492.1401054,409664941.7796888,0.4501496545466468,False
500000000.0,1600.0,30.0,25,61.53846153846154,69.7447676371932,70.38091403571043,2,19817.671124984532,1,283.30599868663234,1152585711.9804716,34942161.3331992,409820543.9430209,0.4502339118735849,False
500000000.0,1600.0,30.0,26,59.25925925925926,69.79215959560065,70.40446971788877,2,19817.671124984532,1,272.78370496030493,1152585711.9804716,35064694.86011629,409968722.9506497,0.45031492772708287,False
500000000.0,1600.0,30.0,27,57.142857142857146,69.83613761693533,70.42633337725984,2,19817.671124984532,1,263.02454436330606,1152585711.9804716,35183391.259436816,410110198.7611716,0.45039297464435446,False
500000000.0,1600.0,30.0,28,55.172413793103445,69.87705779058783,70.44668100854595,2,19817.671124984532,1,253.94821365327184,1152585711.9804716,35298516.8459402,410245594.60824174,0.45046829176442055,False
500000000.0,1600.0,30.0,29,53.333333333333336,69.91522834456211,70.46566501557609,2,19817.671124984532,1,245.48530332165925,1152585711.9804716,35410310.24175759,410375453.0620849,0.4505410900395644,False
500000000.0,1600.0,30.0,30,51.61290322580645,69.95091742572772,70.48341803599801,2,19817.671124984532,1,237.57551027831113,1152585711.9804716,35518986.134009525,410500248.96696466,0.45061155647712015,False
500000000.0,1600.0,30.0,31,50.0,69.9843594100882,70.50005604522664,2,19817.671124984532,1,230.1661913127627,1152585711.9804716,35624738.41253847,410620399.9439275,0.45067985761858914,False
500000000.0,1600.0,36.0,0,1600.0,56.56738993198029,64.06293561417424,2,19817.671124984532,0,0.0,1486830351.522386,19857823.53684561,301917911.39976436,0.5230366270652679,False
500000000.0,1600.0,36.0,1,800.0,64.19794108567348,67.66284972328428,2,19817.671124984532,1,1574.5569207829292,1486830351.522386,22331076.994766787,325905943.7929095,0.5290680922653686,False
500000000.0,1600.0,36.0,2,533.3333333333334,66.54730887331634,68.8044441031274,2,19817.671124984532,1,1011.821791740725,1486830351.522386,23296045.647119068,332747681.4715861,0.5308942500292831,False
500000000.0,1600.0,36.0,3,400.0,67.69142233400811,69.36559520009548,2,19817.671124984532,1,746.5185517370645,1486830351.522386,23873909.700063303,336037054.94698185,0.5318187105182122,False
500000000.0,1600.0,36.0,4,320.0,68.36870088858893,69.69933812439517,2,19817.671124984532,1,591.9954544352036,1486830351.522386,24282665.07031885,337993599.61438966,0.5323951207217477,False
500000000.0,1600.0,36.0,5,266.6666666666667,68.81651689036241,69.92063524427023,2,19817.671124984532,1,490.8036063851904,1486830351.522386,24598578.347255558,339304342.6339754,0.532798440277985,False
500000000.0,1600.0,36.0,6,228.57142857142858,69.13460954346517,70.07812687467833,2,19817.671124984532,1,419.373390374273,1486830351.522386,24856399.956116162,340252286.00510657,0.5331020994213522,False
500000000.0,1600.0,36.0,7,200.0,69.37222186568465,70.19593305063248,2,19817.671124984532,1,366.2447824898623,1486830351.522386,25074644.40363039,340975528.8993789,0.5333425658308503,False
500000000.0,1600.0,36.0,8,177.77777777777777,69.55647027033879,70.2873763327977,2,19817.671124984532,1,325.17423507668195,1486830351.522386,25264263.3339731,341549581.65050155,0.5335401173251535,False
500000000.0,1600.0,36.0,9,160.0,69.70351833571904,70.36041590514827,2,19817.671124984532,1,292.4693201651804,1486830351.522386,25432240.346865922,342019270.0116302,0.5337069883414008,False
500000000.0,1600.0,36.0,10,145.45454545454547,69.82360004738024,70.42009985406898,2,19817.671124984532,1,265.80626317738864,1486830351.522386,25583288.413809,342412917.75513697,0.5338510318893966,False
500000000.0,1600.0,36.0,11,133.33333333333334,69.92351061153907,70.4697846376714,2,19817.671124984532,1,243.64945142351152,1486830351.522386,25720732.186182685,342749322.076581,0.5339775399714772,False
500000000.0,1600.0,36.0,12,123.07692307692308,70.00793895116287,70.51178891819494,2,19817.671124984532,1,224.94332192861023,1486830351.522386,25847001.860080436,343041462.706087,0.5340902216543773,False
500000000.0,1600.0,36.0,13,114.28571428571429,70.08022514336653,70.54776589159871,2,19817.671124984532,1,208.93832477349545,1486830351.522386,25963926.398011487,343298600.8349046,0.534191762154746,False
500000000.0,1600.0,36.0,14,106.66666666666667,70.14281291840322,70.57892604908251,2,19817.671124984532,1,195.08749222926193,1486830351.522386,26072916.202232018,343527528.8728021,0.5342841590307058,False
500000000.0,1600.0,36.0,15,100.0,70.19753144571494,70.60617606983158,2,19817.671124984532,1,182.9823088673873,1486830351.522386,26175081.56587983,343733346.8522421,0.5343689330650215,False
500000000.0,1600.0,36.0,16,94.11764705882354,70.24577710259913,70.63020850942009,2,19817.671124984532,1,172.3114964608664,1486830351.522386,26271312.124667324,343919962.43272966,0.5344472653668311,False
500000000.0,1600.0,36.0,17,88.88888888888889,70.28863433027783,70.65156148675524,2,19817.671124984532,1,162.83369712148712,1486830351.522386,26362331.71770301,344090423.0090372,0.5345200892880067,False
500000000.0,1600.0,36.0,18,84.21052631578948,70.32695813272599,70.67065945977978,2,19817.671124984532,1,154.3588772771754,1486830351.522386,26448737.23249971,344247142.3024861,0.5345881537130661,False
500000000.0,1600.0,36.0,19,80.0,70.36143170779152,70.68784172986696,2,19817.671124984532,1,146.73536809011964,1486830351.522386,26531026.721162975,344392058.6431026,0.5346520676699059,False
500000000.0,1600.0,36.0,20,76.19047619047619,70.39260753765835,70.70338277768026,2,19817.671124984532,1,139.84064478235655,1486830351.522386,26609620.149612654,344526747.862145,0.5347123324316314,False
500000000.0,1600.0,36.0,21,72.72727272727273,70.42093722444703,70.71750703704693,2,19817.671124984532,1,133.57464396413286,1486830351.522386,26684874.976381578,344652505.3191415,0.5347693650465807,False
500000000.0,1600.0,36.0,22,69.56521739130434,70.44679351054263,70.73039980425513,2,19817.671124984532,1,127.85483958091822,1486830351.522386,26757098.03117598,344770406.5024332,0.5348235158726125,False
500000000.0,1600.0,36.0,23,66.66666666666667,70.4704867721393,70.74221541290572,2,19817.671124984532,1,122.61256015277591,1486830351.522386,26826554.69862993,344881352.47729707,0.5348750818394699,False
500000000.0,1600.0,36.0,24,64.0,70.4922775393778,70.75308344189393,2,19817.671124984532,1,117.79019690176399,1486830351.522386,26893476.108271755,344986104.43737626,0.5349243166162546,False
500000000.0,1600.0,36.0,25,61.53846153846154,70.51238611673925,70.76311348732976,2,19817.671124984532,1,113.33906103908953,1486830351.522386,26958064.82813661,345085310.2998698,0.5349714385026023,False
500000000.0,1600.0,36.0,26,59.25925925925926,70.53100005811517,70.77239887157927,2,19817.671124984532,1,109.21772065306943,1486830351.522386,27020499.42061416,345179525.41010016,0.535016636622339,False
500000000.0,1600.0,36.0,27,57.142857142857146,70.54828003469484,70.78101955574202,2,19817.671124984532,1,105.39069643937965,1486830351.522386,27080938.122834817,345269228.82905495,0.5350600758351651,False
500000000.0,1600.0,36.0,28,55.172413793103445,70.56436448487314,70.78904444825727,2,19817.671124984532,1,101.82742906177205,1486830351.522386,27139521.84600863,345354836.2698017,0.5351019006688528,False
500000000.0,1600.0,36.0,29,53.333333333333336,70.57937333126661,70.79653325081544,2,19817.671124984532,1,98.50145434546529,1486830351.522386,27196376.63960998,345436710.46397656,0.5351422384950382,False
500000000.0,1600.0,36.0,30,51.61290322580645,70.59341097613073,70.8035379462974,2,19817.671124984532,1,95.38973907623792,1486830351.522386,27251615.731105406,345515169.5375649,0.5351812021150472,False
500000000.0,1600.0,36.0,31,50.0,70.60656873349193,70.8101040071725,2,19817.671124984532,1,92.47214205898408,1486830351.522386,27305341.22610621,345590493.83026475,0.5352188918813086,False
500000000.0,1600.0,42.0,0,1600.0,64.76948049514118,67.9392170098279,2,19817.671124984532,0,0.0,1607299050.5485497,19857823.53684561,301917911.39976436,0.5596368618190862,False
500000000.0,1600.0,42.0,1,800.0,67.96310498782768,69.49933452921917,2,19817.671124984532,1,684.314045523502,1607299050.5485497,21104068.684879314,312343287.119392,0.5623280889200973,False
500000000.0,1600.0,42.0,2,533.3333333333334,68.99480404285401,70.00887689013588,2,19817.671124984532,1,450.7234052526532,1607299050.5485497,21625801.84162558,315651257.59111476,0.5632335427879299,False
500000000.0,1600.0,42.0,3,400.0,69.50491103205941,70.26177896490564,2,19817.671124984532,1,336.6566035341519,1607299050.5485497,21943939.973847486,317304581.9056383,0.5637094970236413,False
500000000.0,1600.0,42.0,4,320.0,69.80918608014346,70.41293387688894,2,19817.671124984532,1,269.0047823881566,1607299050.5485497,22170652.204238832,318310828.92129654,0.564012671304844,False
500000000.0,1600.0,42.0,5,266.6666666666667,70.01130144653192,70.51346216077297,2,19817.671124984532,1,224.1986168341494,1607299050.5485497,22346517.291841246,318995997.34295696,0.5642278760254351,False
500000000.0,1600.0,42.0,6,228.57142857142858,70.15531306321657,70.58515053503142,2,19817.671124984532,1,192.32182458336587,1607299050.5485497,22490337.111222636,319497798.530376,0.5643916149079072,False
500000000.0,1600.0,42.0,7,200.0,70.26312807275589,70.63885284504508,2,19817.671124984532,1,168.47425983026199,1607299050.5485497,22612228.297245212,319884592.465489,0.5645223280188586,False
500000000.0,1600.0,42.0,8,177.77777777777777,70.34686995177735,70.68058353511282,2,19817.671124984532,1,149.95560718794516,1607299050.5485497,22718213.103761643,320194240.0114708,0.5646303993310267,False
500000000.0,1600.0,42.0,9,160.0,70.41379174825978,70.71394435537128,2,19817.671124984532,1,135.15517290462446,1607299050.5485497,22812148.418388754,320449448.498548,0.5647221566620795,False
500000000.0,1600.0,42.0,10,145.45454545454547,70.46849867412419,70.7412239157289,2,19817.671124984532,1,123.05248041744105,1607299050.5485497,22896645.110043317,320664689.2859693,0.5648016950953448,False
500000000.0,1600.0,42.0,11,133.33333333333334,70.51405535706928,70.76394613814955,2,19817.671124984532,1,112.96951555802083,1607299050.5485497,22973549.091901414,320849637.52006155,0.5648717934336782,False
500000000.0,1600.0,42.0,12,123.07692307692308,70.55258034334855,70.7831650160184,2,19817.671124984532,1,104.4381289981475,1607299050.5485497,23044211.929158226,321011017.69591266,0.5649344110113831,False
500000000.0,1600.0,42.0,13,114.28571428571429,70.58558502470751,70.79963278876116,2,19817.671124984532,1,97.12463240860107,1607299050.5485497,23109652.1163573,321153655.988793,0.5649909738211139,False
500000000.0,1600.0,42.0,14,106.66666666666667,70.61417660379794,70.81390071801756,2,19817.671124984532,1,90.78473381195138,1607299050.5485497,23170655.84897729,321281110.9731517,0.5650425476817164,False
500000000.0,1600.0,42.0,15,100.0,70.63918474236165,70.82638200515122,2,19817.671124984532,1,85.2354634088154,1607299050.5485497,23227842.52088912,321396067.7335354,0.5650899474757664,False
500000000.0,1600.0,42.0,16,94.11764705882354,70.66124339684981,70.83739246525202,2,19817.671124984532,1,80.33705706317522,1607299050.5485497,23281708.740566052,321500592.996242,0.5651338085247897,False
500000000.0,1600.0,42.0,17,88.88888888888889,70.68084531036247,70.84717762163824,2,19817.671124984532,1,75.98090616601738,1607299050.5485497,23332658.77105818,321596305.393231,0.5651746346567013,False
500000000.0,1600.0,42.0,18,84.21052631578948,70.69837925773327,70.8559312313692,2,19817.671124984532,1,72.08132878453857,1607299050.5485497,23381026.11097979,321684492.1349749,0.5652128314384727,False
500000000.0,1600.0,42.0,19,80.0,70.71415609313951,70.86380824518868,2,19817.671124984532,1,68.56981901799908,1607299050.5485497,23427089.13150289,321766190.8386439,0.5652487296882657,False
500000000.0,1600.0,42.0,20,76.19047619047619,70.72842734036277,70.87093405961176,2,19817.671124984532,1,65.3909452530053,1607299050.5485497,23471082.626408532,321842248.1098975,0.5652826024530232,False
500000000.0,1600.0,42.0,21,72.72727272727273,70.74139870311988,70.87741124245176,2,19817.671124984532,1,62.499370752056514,1607299050.5485497,23513206.490530327,321913362.2581092,0.5653146774924842,False
500000000.0,1600.0,42.0,22,69.56521739130434,70.75324004441052,70.88332450170267,2,19817.671124984532,1,59.85765383133563,1607299050.5485497,23553632.3411049,321980114.9586774,0.5653451466097722,False
500000000.0,1600.0,42.0,23,66.66666666666667,70.76409286658853,70.88874441072392,2,19817.671124984532,1,57.434599525403826,1607299050.5485497,23592508.639762208,322042995.0734658,0.565374172728404,False
500000000.0,1600.0,42.0,24,64.0,70.77407599315175,70.89373023836839,2,19817.671124984532,1,55.204007864263644,1607299050.5485497,23629964.704390228,322102416.81434315,0.5654018953319921,False
500000000.0,1600.0,42.0,25,61.53846153846154,70.783289937199,70.8983321252995,2,19817.671124984532,1,53.14371168751457,1607299050.5485497,23666113.88733,322158733.76422644,0.5654284346965027,False
500000000.0,1600.0,42.0,26,59.25925925925926,70.79182029758636,70.90259277615543,2,19817.671124984532,1,51.23482873689619,1607299050.5485497,23701056.119346846,322212249.8225739,0.5654538952198274,False
500000000.0,1600.0,42.0,27,57.142857142857146,70.79974042622865,70.9065487887628,2,19817.671124984532,1,49.46117432883644,1607299050.5485497,23734879.96535362,322263227.8384712,0.5654783680680063,False
500000000.0,1600.0,42.0,28,55.172413793103445,70.80711354273531,70.91023170805892,2,19817.671124984532,1,47.80879575982949,1607299050.5485497,23767664.300169162,322311896.48493123,0.5655019332981915,False
500000000.0,1600.0,42.0,29,53.333333333333336,70.81399442551897,70.91366886903097,2,19817.671124984532,1,46.26559998123,1607299050.5485497,23799479.68559206,322358455.78103685,0.5655246615766503,False
500000000.0,1600.0,42.0,30,51.61290322580645,70.82043077514392,70.91688407636339,2,19817.671124984532,1,44.82105344199098,1607299050.5485497,23830389.510499805,322403081.56420827,0.5655466155802702,False
500000000.0,1600.0,42.0,31,50.0,70.82646432170675,70.91989815652744,2,19817.671124984532,1,43.46593828436909,1607299050.5485497,23860450.941311024,322445929.13977003,0.5655678511484481,False
500000000.0,2000.0,16.0,31,62.5,22.376058075526466,50.916365793005006,2,19817.671124984532,2,18734.061983342228,917321792.8852679,607627727.2718029,9149608123.91527,2.4422698107058025,False
500000000.0,2000.0,16.0,32,60.60606060606061,25.265197571951262,51.76219506310635,2,19817.671124984532,2,16660.85256748334,917321792.8852679,570794661.947487,8424300853.516165,2.2753834947026426,False
500000000.0,2000.0,16.0,33,58.8235294117647,27.710572706790877,52.52751314593154,2,19817.671124984532,2,15101.605383533482,917321792.8852679,543900099.003181,7894217188.394302,2.153426280102908,False
500000000.0,2000.0,16.0,34,57.142857142857146,29.833183933650684,53.2258244811783,2,19817.671124984532,2,13866.81369512494,917321792.8852679,523196852.02959734,7484686243.497177,2.0592353840773083,False
500000000.0,2000.0,16.0,35,55.55555555555556,31.707667273875504,53.867135424297274,2,19817.671124984532,2,12854.467991621563,917321792.8852679,506680631.6233766,7156143800.497455,1.98370945012538,False
500000000.0,2000.0,16.0,36,54.054054054054056,33.38409703039601,54.45919256969975,2,19817.671124984532,2,12003.485807219859,917321792.8852679,493160208.78680575,6885255796.903861,1.921476977181069,False
500000000.0,2000.0,16.0,37,52.63157894736842,34.898086681587905,55.008179215112726,2,19817.671124984532,1,11880.415003919637,917321792.8852679,502201505.46256346,6998752887.174432,1.9489287800615167,False
500000000.0,2000.0,16.0,38,51.282051282051285,36.27607353336149,55.5191437578908,2,19817.671124984532,1,11180.102421054371,917321792.8852679,491091285.73390126,6774322248.652946,1.8974065014604178,False
500000000.0,2000.0,16.0,39,50.0,37.53833660555521,55.99628071004968,2,19817.671124984532,1,10567.008891227782,917321792.8852679,481569711.31358457,6580375159.398129,1.8529147654596128,False
500000000.0,2000.0,18.0,17,111.11111111111111,25.325480742952347,51.780533734721956,2,19817.671124984532,2,16620.437178237757,1028291035.590841,311958928.9252043,4606466615.022664,1.4041495458581585,False
500000000.0,2000.0,18.0,18,105.26315789473684,29.54721575900281,53.1299810098058,2,19817.671124984532,2,14027.41274075975,1028291035.590841,288867208.0408837,4148600417.422369,1.2988641432111798,False
500000000.0,2000.0,18.0,19,100.0,32.88662562397874,54.281733170389735,2,19817.671124984532,2,12251.005528947002,1028291035.590841,273885317.19860697,3848104624.8570504,1.2298363733476525,False
500000000.0,2000.0,18.0,20,95.23809523809524,35.63938736993986,55.28174799302979,2,19817.671124984532,1,11499.491521580967,1028291035.590841,273688463.37767786,3805762980.2362614,1.2208908997083943,False
500000000.0,2000.0,18.0,21,90.9090909090909,37.96910601202923,56.16104380180945,2,19817.671124984532,1,10363.614367597313,1028291035.590841,264529198.681462,3617553561.9444633,1.1777482875271568,False
500000000.0,2000.0,18.0,22,86.95652173913044,39.977845998329904,56.941904713462954,2,19817.671124984532,1,9451.58984254949,1028291035.590841,257476899.91667658,3469762075.671309,1.1439276657430855,False
500000000.0,2000.0,18.0,23,83.33333333333333,41.73434317246245,57.64101415439155,2,19817.671124984532,1,8699.484755940155,1028291035.590841,251900109.4830377,3350217369.881195,1.1166231117864978,False
500000000.0,2000.0,18.0,24,80.0,43.287416775061644,58.271239400455926,2,19817.671124984532,1,8066.449983145484,1028291035.590841,247400793.61133307,3251292597.4110804,1.0940753862420582,False
500000000.0,2000.0,18.0,25,76.92307692307692,44.67312604309119,58.842732585904216,2,19817.671124984532,1,7524.931151495334,1028291035.590841,243714066.09725618,3167935167.360596,1.075118548876517,False
500000000.0,2000.0,18.0,26,74.07407407407408,45.91891993970024,59.36365005893837,2,19817.671124984532,1,7055.545069013503,1028291035.590841,240656065.79041523,3096649989.5189223,1.0589458133688439,False
500000000.0,2000.0,18.0,27,71.42857142857143,47.046199293557144,59.84064310495423,2,19817.671124984532,1,6644.19218725509,1028291035.590841,238094797.87459636,3034934148.1468496,1.0449792875546808,False
500000000.0,2000.0,18.0,28,68.96551724137932,48.07197835240086,60.27920419676884,2,19817.671124984532,1,6280.331685222486,1028291035.590841,235932849.4351701,2980943573.5760627,1.0327931320305035,False
500000000.0,2000.0,18.0,29,66.66666666666667,49.01000566355803,60.68391804566651,2,19817.671124984532,1,5955.901381975876,1028291035.590841,234096651.9428883,2933286932.4035068,1.0220660258029581,False
500000000.0,2000.0,18.0,30,64.51612903225806,49.871545099780356,61.058647765255735,2,19817.671124984532,1,5664.614583674572,1028291035.590841,232529546.9567203,2890893063.729638,1.0125505820708367,False
500000000.0,2000.0,18.0,31,62.5,50.66593499500697,61.40667555821677,2,19817.671124984532,1,5401.487093748002,1028291035.590841,231187159.2252406,2852922842.144473,1.0040530071044353,False
500000000.0,2000.0,18.0,32,60.60606060606061,51.400997714920955,61.7308107741846,2,19817.671124984532,1,5162.510040091111,1028291035.590841,230034222.0127992,2818708893.0316606,0.9964191831040502,False
500000000.0,2000.0,18.0,33,58.8235294117647,52.083345637915016,62.03347408412372,2,19817.671124984532,1,4944.418044109565,1028291035.590841,229042345.63458475,2787713334.3409705,0.9895249101097876,False
500000000.0,2000.0,18.0,34,57.142857142857146,52.71861369087561,62.316763867332206,2,19817.671124984532,1,4744.52145615062,1028291035.590841,228188415.54235,2759497512.269157,0.9832689159461651,False
500000000.0,2000.0,18.0,35,55.55555555555556,53.31163874063594,62.58250914891502,2,19817.671124984532,1,4560.582683423421,1028291035.590841,227453420.7705413,2733699912.682584,0.9775677535180116,False
500000000.0,2000.0,18.0,36,54.054054054054056,53.86659983630161,62.83231223046425,2,19817.671124984532,1,4390.723511204832,1028291035.590841,226821582.8545567,2710019766.171166,0.97235201278097,False
500000000.0,2000.0,18.0,37,52.63157894736842,54.38712915144338,63.06758332729475,2,19817.671124984532,1,4233.354622604407,1028291035.590841,226279698.5157358,2688204694.4928784,0.9675634660793032,False
500000000.0,2000.0,18.0,38,51.282051282051285,54.87640068519534,63.28956893932623,2,19817.671124984532,1,4087.1212873138347,1028291035.590841,225816637.01167953,2668041275.088511,0.963152887546776,False
500000000.0,2000.0,18.0,39,50.0,55.3372018649942,63.499375261478235,2,19817.671124984532,1,3950.8610072025726,1028291035.590841,225422951.10340083,2649347745.3140025,0.9590783668582683,False
500000000.0,2000.0,20.0,10,181.8181818181818,29.203648235183945,53.01554833691106,2,19817.671124984532,2,14222.644658675219,992865513.2871913,171016198.87630767,2468706906.356198,0.8882974933988328,False
500000000.0,2000.0,20.0,11,166.66666666666666,34.670190664135966,54.92469875894646,2,19817.671124984532,1,11999.547209285296,992865513.2871913,164438965.62614566,2312833335.8984275,0.8529785257763586,False
500000000.0,2000.0,20.0,12,153.84615384615384,38.697194416106214,56.441712680100316,2,19817.671124984532,1,10026.265711400132,992865513.2871913,155915833.9029371,2134893653.2821677,0.8122456401020168,False
500000000.0,2000.0,20.0,13,142.85714285714286,41.84156238493652,57.68416452990953,2,19817.671124984532,1,8654.850275633236,992865513.2871913,150458434.72501928,2016029823.3808305,0.785132351903923,False
500000000.0,2000.0,20.0,14,133.33333333333334,44.38686778386747,58.7239807670214,2,19817.671124984532,1,7635.078268198962,992865513.2871913,146724628.78564674,1930380518.0291917,0.765676452600255,False
500000000.0,2000.0,20.0,15,125.0,46.499860315986766,59.6088093904282,2,19817.671124984532,1,6842.015026417501,992865513.2871913,144061939.52297002,1865467084.3932593,0.7509990620861984,False
500000000.0,2000.0,20.0,16,117.6470588235294,48.287541826549464,60.37190245719286,2,19817.671124984532,1,6205.087527544322,992865513.2871913,142111241.45928586,1814448464.200829,0.7395213370811701,False
500000000.0,2000.0,20.0,17,111.11111111111111,49.822772293191335,61.03735784046099,2,19817.671124984532,1,5680.938184338174,992865513.2871913,140657367.10273856,1773231501.6808789,0.7302985006142554,False
500000000.0,2000.0,20.0,18,105.26315789473684,51.157361551438825,61.623155128460695,2,19817.671124984532,1,5241.248735470768,992865513.2871913,139563149.4913131,1739205042.893731,0.7227278883215928,False
500000000.0,2000.0,20.0,19,100.0,52.32939845476464,62.14302685543749,2,19817.671124984532,1,4866.638495561618,992865513.2871913,138736892.3865057,1710619322.1845918,0.7164057377262859,False
500000000.0,2000.0,20.0,20,95.23809523809524,53.3676380127744,62.60766729979721,2,19817.671124984532,1,4543.343965685328,992865513.2871913,138114946.94624662,1686255064.0746677,0.71105079901174,False
500000000.0,2000.0,20.0,21,90.9090909090909,54.294266482782795,63.02554281544681,2,19817.671124984532,1,4261.292731216424,992865513.2871913,137651761.4070527,1665235147.633805,0.706460843250515,False
500000000.0,2000.0,20.0,22,86.95652173913044,55.12671721842243,63.40345169944136,2,19817.671124984532,1,4012.927537975622,992865513.2871913,137313898.58754912,1646911642.0409155,0.7024865700546665,False
500000000.0,2000.0,20.0,23,83.33333333333333,55.8789038736894,63.746920902473136,2,19817.671124984532,1,3792.45763022646,992865513.2871913,137076283.76283824,1630795065.0311158,0.6990152654705334,False
500000000.0,2000.0,20.0,24,80.0,56.56208172638733,64.06049324767078,2,19817.671124984532,1,3595.365112177299,992865513.2871913,136919766.66229832,1616508452.5895996,0.6959601907943693,False
500000000.0,2000.0,20.0,25,76.92307692307692,57.18546376152082,64.34793929193387,2,19817.671124984532,1,3418.0696329090215,992865513.2871913,136829488.97011197,1603756606.3685915,0.6932534778099155,False
500000000.0,2000.0,20.0,26,74.07407407407408,57.75667047629185,64.61241617922592,2,19817.671124984532,1,3257.6947099585745,992865513.2871913,136793762.50380713,1592304949.9043992,0.6908412441877951,False
500000000.0,2000.0,20.0,27,71.42857142857143,58.2820642152242,64.85658848880749,2,19817.671124984532,1,3111.9012151236434,992865513.2871913,136803280.72914404,1581964651.227667,0.6886801568878629,False
500000000.0,2000.0,20.0,28,68.96551724137932,58.76700162882081,65.0827213714981,2,19817.671124984532,1,2978.7663736578174,992865513.2871913,136850553.4616216,1572581939.4533112,0.6867349647198933,False
500000000.0,2000.0,20.0,29,66.66666666666667,59.21602699955913,65.29275317277354,2,19817.671124984532,1,2856.6942983768404,992865513.2871913,136929494.39164633,1564030293.2426383,0.6849766945433988,False
500000000.0,2000.0,20.0,30,64.51612903225806,59.63302215836403,65.48835266437798,2,19817.671124984532,1,2744.3488080452485,992865513.2871913,137035115.35813665,1556204636.1898363,0.6833813112128058,False
500000000.0,2000.0,20.0,31,62.5,60.02132406473878,65.6709645848126,2,19817.671124984532,1,2640.6022727877903,992865513.2871913,137163296.5267244,1549016960.4402032,0.6819287075221727,False
500000000.0,2000.0,20.0,32,60.60606060606061,60.38381797956956,65.84184619963116,2,19817.671124984532,1,2544.4961703096883,992865513.2871913,137310611.412869,1542392983.5062196,0.6806019328484223,False
500000000.0,2000.0,20.0,33,58.8235294117647,60.72301199386138,66.00209689290635,2,19817.671124984532,1,2455.2103226260956,992865513.2871913,137474192.11225772,1536269563.686289,0.6793865970286348,False
500000000.0,2000.0,20.0,34,57.142857142857146,61.041097159721126,66.15268229957678,2,19817.671124984532,1,2372.038651530497,992865513.2871913,137651624.39896113,1530592680.0464485,0.6782704046265643,False
500000000.0,2000.0,20.0,35,55.55555555555556,61.33999639118711,66.2944541239762,2,19817.671124984532,1,2294.369888024453,992865513.2871913,137840865.27966523,1525315837.7794118,0.6772427874229663,False
500000000.0,2000.0,20.0,36,54.054054054054056,61.62140452475141,66.4281665219782,2,19817.671124984532,1,2221.6720878891424,992865513.2871913,138040177.61916107,1520398797.7244947,0.6762946117409251,False
500000000.0,2000.0,20.0,37,52.63157894736842,61.88682136152709,66.5544897251191,2,19817.671124984532,1,2153.480101084127,992865513.2871913,138248077.87622786,1515806555.5100029,0.6754179433839598,False
500000000.0,2000.0,20.0,38,51.282051282051285,62.137579093500044,66.6740214356153,2,19817.671124984532,1,2089.3853549216874,992865513.2871913,138463294.0031023,1511508514.7846885,0.6746058573575189,False
500000000.0,2000.0,20.0,39,50.0,62.37486520306086,66.7872964079343,2,19817.671124984532,1,2029.0274653361262,992865513.2871913,138684731.29297733,1507477812.7170413,0.6738522827137619,False
500000000.0,2000.0,24.0,3,500.0,22.738872177380703,51.01892829360867,2,19817.671124984532,2,18457.892432195116,1182280838.7657354,76048195.93740296,1145523847.2573082,0.6300619900569815,False
500000000.0,2000.0,24.0,4,400.0,37.71235051587087,56.062721744059566,2,19817.671124984532,1,10484.498343180156,1182280838.7657354,66908547.203201905,940834123.478082,0.5834768638378444,False
500000000.0,2000.0,24.0,5,333.3333333333333,45.00738565821175,58.981847557885956,2,19817.671124984532,1,7397.414298520838,1182280838.7657354,64004104.86724308,865407904.9218736,0.5664997584046206,False
500000000.0,2000.0,24.0,6,285.7142857142857,49.56506583455231,60.92501658557678,2,19817.671124984532,1,5767.518019152096,1182280838.7657354,63026679.5243901,829119210.6808673,0.5585031459889495,False
500000000.0,2000.0,24.0,7,250.0,52.725411252363685,62.319802939731765,2,19817.671124984532,1,4742.3986053912095,1182280838.7657354,62733630.72549291,807663793.9781799,0.5538914210839089,False
500000000.0,2000.0,24.0,8,222.22222222222223,55.058184989870824,63.3722516980744,2,19817.671124984532,1,4033.1990767766597,1182280838.7657354,62746505.63088283,793477200.6180397,0.5509263962622749,False
500000000.0,2000.0,24.0,9,200.0,56.85553208349389,64.195649723417,2,19817.671124984532,1,3511.6063726296784,1182280838.7657354,62913153.60836658,783404948.6486753,0.5488855363608435,False
500000000.0,2000.0,24.0,10,181.8181818181818,58.28487793941264,64.85789846444423,2,19817.671124984532,1,3111.1247955818426,1182280838.7657354,63162067.18099043,775891010.6918851,0.5474138789240868,False
500000000.0,2000.0,24.0,11,166.66666666666666,59.44975373939536,65.40232225802797,2,19817.671124984532,1,2793.604574328821,1182280838.7657354,63456089.088210925,770077453.6298951,0.5463166372120356,False
500000000.0,2000.0,24.0,12,153.84615384615384,60.417878347173115,65.8579225096891,2,19817.671124984532,1,2535.5025436316528,1182280838.7657354,63774533.49248493,765451872.0720415,0.5454780883876307,False
500000000.0,2000.0,24.0,13,142.85714285714286,61.235518397193324,66.24486929706573,2,19817.671124984532,1,2321.465198790321,1182280838.7657354,64105310.80104578,761689140.6836631,0.544825227942235,False
500000000.0,2000.0,24.0,14,133.33333333333334,61.9354091845069,66.57763663119727,2,19817.671124984532,1,2141.0358235523518,1182280838.7657354,64441111.18394986,758572926.0092608,0.5443097794069873,False
500000000.0,2000.0,24.0,15,125.0,62.54138896480226,66.8668863567481,2,19817.671124984532,1,1986.8382894451433,1182280838.7657354,64777415.45146841,755953652.6747067,0.5438985821229008,False
500000000.0,2000.0,24.0,16,117.6470588235294,63.07124217148019,67.12064874977024,2,19817.671124984532,1,1853.5162084105477,1182280838.7657354,65111397.251967005,753724575.3490207,0.5435681334941703,False
500000000.0,2000.0,24.0,17,111.11111111111111,63.538513556508924,67.34508895352393,2,19817.671124984532,1,1737.0836098903017,1182280838.7657354,65441288.59515495,751807461.286484,0.5433013324570768,False
500000000.0,2000.0,24.0,18,105.26315789473684,63.95370462296784,67.54501975974415,2,19817.671124984532,1,1634.5117037261552,1182280838.7657354,65765999.03592944,750143659.9972256,0.5430854543521431,False
500000000.0,2000.0,24.0,19,100.0,64.32508532469934,67.72425373806823,2,19817.671124984532,1,1543.4570579563533,1182280838.7657354,66084879.83572981,748688333.5323826,0.5429108466889604,False
500000000.0,2000.0,24.0,20,95.23809523809524,64.65925843040192,67.88585061628663,2,19817.671124984532,1,1462.0776496758401,1182280838.7657354,66397574.03936419,747406614.3966464,0.5427700635543439,False
500000000.0,2000.0,24.0,21,90.9090909090909,64.96156044914073,68.03229460064789,2,19817.671124984532,1,1388.905272259218,1182280838.7657354,66703919.0596116,746270979.0255135,0.5426572759480321,False
500000000.0,2000.0,24.0,22,86.95652173913044,65.23635191839797,68.16562377137032,2,19817.671124984532,1,1322.7550951565045,1182280838.7657354,67003882.212256014,745259410.4233496,0.5425678607898199,False
500000000.0,2000.0,24.0,23,83.33333333333333,65.4872311799684,68.287526031197,2,19817.671124984532,1,1262.6603168041754,1182280838.7657354,67297517.406332,744354086.4079475,0.542498108604964,False
500000000.0,2000.0,24.0,24,80.0,65.71719422446748,68.39941128755679,2,19817.671124984532,1,1207.8241336985004,1182280838.7657354,67584935.68828644,743540425.9541516,0.5424450118376901,False
500000000.0,2000.0,24.0,25,76.92307692307692,65.92875586394874,68.50246647068968,2,19817.671124984532,1,1157.5838905669882,1182280838.7657354,67866285.01599728,742806384.5026695,0.5424061090566781,False
500000000.0,2000.0,24.0,26,74.07407407407408,66.12404274166303,68.59769797201287,2,19817.671124984532,1,1111.3839485830083,1182280838.7657354,68141736.27437891,742141925.5376184,0.5423793686127554,False
500000000.0,2000.0,24.0,27,71.42857142857143,66.30486554143482,68.68596473794724,2,19817.671124984532,1,1068.7548912925627,1182280838.7657354,68411473.56650497,741538619.0319678,0.5423631006035244,False
500000000.0,2000.0,24.0,28,68.96551724137932,66.47277563568711,68.76800433650587,2,19817.671124984532,1,1029.2974036936305,1182280838.7657354,68675687.46596532,740989332.5788492,0.5423558894519535,False
500000000.0,2000.0,24.0,29,66.66666666666667,66.62910995358861,68.84445367920314,2,19817.671124984532,1,992.6696420448001,1182280838.7657354,68934570.33932228,740487991.1650879,0.5423565417012984,False
500000000.0,2000.0,24.0,30,64.51612903225806,66.77502683464263,68.91586563535462,2,19817.671124984532,1,958.5772423366119,1182280838.7657354,69188313.12678443,740029388.4190019,0.5423640451822261,False
500000000.0,2000.0,24.0,31,62.5,66.91153491442708,68.98272245888026,2,19817.671124984532,1,926.7653452824065,1182280838.7657354,69437103.15622273,739609036.9039214,0.5423775367766084,False
500000000.0,2000.0,24.0,32,60.60606060606061,67.03951657427439,69.04544671934327,2,19817.671124984532,1,897.0121780237625,1182280838.7657354,69681122.69257788,739223048.3451923,0.5423962767485782,False
500000000.0,2000.0,24.0,33,58.8235294117647,67.15974711319275,69.1044102624637,2,19817.671124984532,1,869.1238488928986,1182280838.7657354,69920548.011881,738868037.0309976,0.542419628141571,False
500000000.0,2000.0,24.0,34,57.142857142857146,67.27291052635303,69.15994160264435,2,19817.671124984532,1,842.9300956989155,1182280838.7657354,70155548.84966552,738541041.3179643,0.5424470401187474,False
500000000.0,2000.0,24.0,35,55.55555555555556,67.37961257136007,69.2123320586889,2,19817.671124984532,1,818.2807896315966,1182280838.7657354,70386288.11600223,738239459.4015862,0.5424780343988491,False
500000000.0,2000.0,24.0,36,54.054054054054056,67.48039165147713,69.26184087522938,2,19817.671124984532,1,795.043042503611,1182280838.7657354,70612921.79945496,737960996.41531,0.5425121941410359,False
500000000.0,2000.0,24.0,37,52.63157894736842,67.57572793009454,69.30869952031357,2,19817.671124984532,1,773.0987991674499,1182280838.7657354,70835599.00366871,737703620.5930755,0.5425491547814701,False
500000000.0,2000.0,24.0,38,51.282051282051285,67.6660510031897,69.35311530978078,2,19817.671124984532,1,752.3428226900074,1182280838.7657354,71054462.07573675,737465526.7337639,0.5425885964361613,False
500000000.0,2000.0,24.0,39,50.0,67.75174638927159,69.39527447837632,2,19817.671124984532,1,732.6809994655229,1182280838.7657354,71269646.7965982,737245105.5865493,0.542630237568789,False
500000000.0,2000.0,30.0,1,1000.0,46.27590523285888,59.51413261338475,2,19817.671124984532,1,6923.938923395723,1418536508.8889458,28219558.53854778,407402615.6935844,0.5277848967778932,True
500000000.0,2000.0,30.0,2,666.6666666666666,55.75482187160608,63.69013250190731,2,19817.671124984532,1,3828.5736259194246,1418536508.8889458,30130504.498762287,418572885.18430054,0.5309032688943678,False
500000000.0,2000.0,30.0,3,500.0,59.93471898942647,65.63019647506366,2,19817.671124984532,1,2663.669498509732,1418536508.8889458,31291468.490884893,423659188.6533918,0.5324418499136163,False
500000000.0,2000.0,30.0,4,400.0,62.30820786530226,66.75545956813944,2,19817.671124984532,1,2045.9542541333858,1418536508.8889458,32128761.32563661,426596584.55599713,0.5333984580002255,False
500000000.0,2000.0,30.0,5,333.3333333333333,63.841529733775275,67.49095648237144,2,19817.671124984532,1,1662.1430061184808,1418536508.8889458,32787141.676649038,428529848.2136591,0.5340718359468803,False
500000000.0,2000.0,30.0,6,285.7142857142857,64.91458914610531,68.00952424148608,2,19817.671124984532,1,1400.2471230016226,1418536508.8889458,33332255.83724072,429912674.50405186,0.5345837572360854,False
500000000.0,2000.0,30.0,7,250.0,65.70788467111089,68.39487915006346,2,19817.671124984532,1,1210.0394700671807,1418536508.8889458,33799228.05130114,430960729.3206679,0.5349937063078445,False
500000000.0,2000.0,30.0,8,222.22222222222223,66.3183320886453,68.6925416939293,2,19817.671124984532,1,1065.5858509067011,1418536508.8889458,34208994.98349409,431789661.715489,0.5353344386047169,False
500000000.0,2000.0,30.0,9,200.0,66.80267375991852,68.92940225708179,2,19817.671124984532,1,952.1279911033823,1418536508.8889458,34575026.878476486,432467078.0407916,0.5356256046118244,False
500000000.0,2000.0,30.0,10,181.8181818181818,67.19635669933275,69.12237168279042,2,19817.671124984532,1,860.644033513788,1418536508.8889458,34906498.072423,433035158.94029975,0.5358797787319346,False
500000000.0,2000.0,30.0,11,166.66666666666666,67.52267246751647,69.28261944333218,2,19817.671124984532,1,785.3063536716581,1418536508.8889458,35209938.84700811,433521598.7733313,0.5361054236205015,False
500000000.0,2000.0,30.0,12,153.84615384615384,67.79755909006923,69.41782032650481,2,19817.671124984532,1,722.1820168147394,1418536508.8889458,35490163.87026915,433945343.7607477,0.5363084703794319,False
500000000.0,2000.0,30.0,13,142.85714285714286,68.03229218382309,69.53342240965274,2,19817.671124984532,1,668.5202590526814,1418536508.8889458,35750826.26866635,434319802.0100589,0.5364932166975629,False
500000000.0,2000.0,30.0,14,133.33333333333334,68.23507435942973,69.63340018422377,2,19817.671124984532,1,622.3391563837284,1418536508.8889458,35994764.75837859,434654735.9891565,0.5366628647047745,False
500000000.0,2000.0,30.0,15,125.0,68.41201569722423,69.72072131553394,2,19817.671124984532,1,582.1744448076581,1418536508.8889458,36224230.06184569,434957428.0045057,0.5368198573642075,False
500000000.0,2000.0,30.0,16,117.6470588235294,68.56776122231143,69.7976465244138,2,19817.671124984532,1,546.9208068637726,1418536508.8889458,36441037.68153943,435233424.9476363,0.536966096730165,False
500000000.0,2000.0,30.0,17,111.11111111111111,68.70590530144531,69.86592829456285,2,19817.671124984532,1,515.7281957107749,1418536508.8889458,36646674.011913754,435487029.4958489,0.5371030900834721,False
500000000.0,2000.0,30.0,18,105.26315789473684,68.82927287854828,69.926946114637,2,19817.671124984532,1,487.93214092192716,1418536508.8889458,36842371.90847242,435721633.10510254,0.5372320504816223,False
500000000.0,2000.0,30.0,19,100.0,68.94011494419127,69.98180071149544,2,19817.671124984532,1,463.0057114457637,1418536508.8889458,37029165.69311574,435939947.2485173,0.537353967614791,False
500000000.0,2000.0,30.0,20,95.23809523809524,69.04024728406046,70.03138108581373,2,19817.671124984532,1,440.52566909916806,1418536508.8889458,37207931.96842318,436144167.44528484,0.5374696588003558,False
500000000.0,2000.0,30.0,21,90.9090909090909,69.13115082662252,70.0764130888057,2,19817.671124984532,1,420.14815042597724,1418536508.8889458,37379420.42279006,436336091.8386561,0.5375798063777196,False
500000000.0,2000.0,30.0,22,86.95652173913044,69.2140454447536,70.11749521039171,2,19817.671124984532,1,401.5908871224076,1418536508.8889458,37544277.43772191,436517208.38451284,0.5376849855944879,False
500000000.0,2000.0,30.0,23,83.33333333333333,69.28994505957559,70.15512534196186,2,19817.671124984532,1,384.6200015661748,1418536508.8889458,37703064.428278446,436688759.948552,0.5377856857185496,False
500000000.0,2000.0,30.0,24,80.0,69.35969935003426,70.18972106230738,2,19817.671124984532,1,369.04006021009855,1418536508.8889458,37856272.268868625,436851793.58858365,0.5378823262418616,False
500000000.0,2000.0,30.0,25,76.92307692307692,69.42402571924913,70.22163520464508,2,19817.671124984532,1,354.6864839718087,1418536508.8889458,38004332.767935276,437007198.33859235,0.5379752694728276,False
500000000.0,2000.0,30.0,26,74.07407407407408,69.48353407377617,70.25116793769166,2,19817.671124984532,1,341.4196886668705,1418536508.8889458,38147627.88905956,437155734.5141408,0.5380648304340643,False
500000000.0,2000.0,30.0,27,71.42857142857143,69.5387462331166,70.2785762387914,2,19817.671124984532,1,329.120512170707,1418536508.8889458,38286497.23076779,437298056.6843133,0.5381512847237024,False
500000000.0,2000.0,30.0,28,68.96551724137932,69.59011127987807,70.3040813931383,2,19817.671124984532,1,317.68661025129103,1418536508.8889458,38421244.14628417,437434731.85617596,0.5382348748194464,False
500000000.0,2000.0,30.0,29,66.66666666666667,69.63801780780167,70.32787498286129,2,19817.671124984532,1,307.0295898099034,1418536508.8889458,38552140.79038043,437566254.0002998,0.538315815178831,False
500000000.0,2000.0,30.0,30,64.51612903225806,69.68280377529021,70.35012370925608,2,19817.671124984532,1,297.07270929311767,1418536508.8889458,38679432.31206373,437693055.751471,0.5383942963995585,False
500000000.0,2000.0,30.0,31,62.5,69.72476449339845,70.37097330506006,2,19817.671124984532,1,287.7490195245856,1418536508.8889458,38803340.36142886,437815517.9077583,0.5384704886390677,False
500000000.0,2000.0,30.0,32,60.60606060606061,69.76415914777674,70.3905517310025,2,19817.671124984532,1,278.99984958045405,1418536508.8889458,38924066.04149014,437933977.1987085,0.5385445444452664,False
500000000.0,2000.0,30.0,33,58.8235294117647,69.80121615918456,70.40897180487055,2,19817.671124984532,1,270.77356523071006,1418536508.8889458,39041792.40751276,438048732.6813186,0.5386166011153498,False
500000000.0,2000.0,30.0,34,57.142857142857146,69.83613761693533,70.42633337725984,2,19817.671124984532,1,263.02454436330606,1418536508.8889458,39156686.59492343,438160051.0400549,0.538686782673621,False
500000000.0,2000.0,30.0,35,55.55555555555556,69.86910296709723,70.44272514265445,2,19817.671124984532,1,255.71232639590067,1418536508.8889458,39268901.64035263,438268171.00495243,0.5387552015394702,False
500000000.0,2000.0,30.0,36,54.054054054054056,69.90027209762773,70.45822615520505,2,19817.671124984532,1,248.80090215006038,1418536508.8889458,39378578.04764466,438373307.05549145,0.5388219599417633,False
500000000.0,2000.0,30.0,37,52.63157894736842,69.92978793244036,70.47290710390226,2,19817.671124984532,1,242.2581178480203,1418536508.8889458,39485845.14069222,438475652.54219973,0.5388871511243492,False
500000000.0,2000.0,30.0,38,51.282051282051285,69.95777862324397,70.48683139054933,2,19817.671124984532,1,236.05517239033279,1418536508.8889458,39590822.23713423,438575382.3307104,0.5389508603784977,False
500000000.0,2000.0,30.0,39,50.0,69.9843594100882,70.50005604522664,2,19817.671124984532,1,230.1661913127627,1418536508.8889458,39693619.67078179,438672655.05209875,0.5390131659311874,False
500000000.0,2000.0,36.0,0,2000.0,52.33657025212156,62.146223292808585,2,19817.671124984532,0,0.0,1830630040.8424084,19857823.53684561,301917911.39976436,0.6274882351520271,False
500000000.0,2000.0,36.0,1,1000.0,62.3778737266579,66.78873363430698,2,19817.671124984532,1,2028.2640156936634,1830630040.8424084,22903724.365899913,332818072.75189734,0.6352005366356547,False
500000000.0,2000.0,36.0,2,666.6666666666666,65.38317810385242,68.23694638286823,2,19817.671124984532,1,1287.550379397957,1830630040.8424084,24049781.755800433,341149011.6555073,0.6374123723433043,False
500000000.0,2000.0,36.0,3,500.0,66.83517339777528,68.94531739801192,2,19817.671124984532,1,944.5509003338748,1830630040.8424084,24731424.731674038,345087994.2880674,0.6385151826797559,False
500000000.0,2000.0,36.0,4,400.0,67.69142233400811,69.36559520009548,2,19817.671124984532,1,746.5185517370645,1830630040.8424084,25212605.087802537,347410102.79605436,0.6391976797559529,False
500000000.0,2000.0,36.0,5,333.3333333333333,68.25628782215814,69.64386499024661,2,19817.671124984532,1,617.5173944902053,1830630040.8424084,25584265.15306002,348956627.71049654,0.6396731090797394,False
500000000.0,2000.0,36.0,6,285.7142857142857,68.65691791086029,69.841709446754,2,19817.671124984532,1,526.7812434756778,1830630040.8424084,25887556.016839333,350070297.75990635,0.6400300173456628,False
500000000.0,2000.0,36.0,7,250.0,68.95586298014545,69.9895966988961,2,19817.671124984532,1,459.46785491750353,1830630040.8424084,26144321.17044618,350917161.5972275,0.6403120822366595,False
500000000.0,2000.0,36.0,8,222.22222222222223,69.1874828035753,70.10432908418437,2,19817.671124984532,1,407.53479256391466,1830630040.8424084,26367453.703686353,351587543.16129327,0.6405434751998024,False
500000000.0,2000.0,36.0,9,200.0,69.37222186568465,70.19593305063248,2,19817.671124984532,1,366.2447824898623,1830630040.8424084,26565164.651283182,352134848.184983,0.6407387278506329,False
500000000.0,2000.0,36.0,10,181.8181818181818,69.52300687959364,70.270762190222,2,19817.671124984532,1,332.6256935622466,1830630040.8424084,26742991.026643254,352592712.71463877,0.6409071416342446,False
500000000.0,2000.0,36.0,11,166.66666666666666,69.64841169338965,70.33303801480378,2,19817.671124984532,1,304.71829927297824,1830630040.8424084,26904836.986962795,352983398.9092325,0.6410549704469123,False
500000000.0,2000.0,36.0,12,153.84615384615384,69.75434736521129,70.38567510382924,2,19817.671124984532,1,281.17856528253026,1830630040.8424084,27053555.6014742,353322243.1954158,0.6411865893060039,False
500000000.0,2000.0,36.0,13,142.85714285714286,69.8450214853611,70.43075055479827,2,19817.671124984532,1,261.05370827425776,1830630040.8424084,27191293.8344565,353620165.83154255,0.6413051605291515,False
500000000.0,2000.0,36.0,14,133.33333333333334,69.92351061153907,70.4697846376714,2,19817.671124984532,1,243.64945142351152,1830630040.8424084,27319707.272365525,353885161.3520765,0.6414130333962936,False
500000000.0,2000.0,36.0,15,125.0,69.992116394988,70.50391567285493,2,19817.671124984532,1,228.44789842015842,1830630040.8424084,27440099.269184105,354123222.44743186,0.6415119943529788,False
500000000.0,2000.0,36.0,16,117.6470588235294,70.05259511284666,70.53401289572696,2,19817.671124984532,1,215.0548506701193,1830630040.8424084,27553514.235097088,354338933.78224075,0.6416034293993386,False
500000000.0,2000.0,36.0,17,111.11111111111111,70.10631017339855,70.56075153229236,2,19817.671124984532,1,203.16494587082585,1830630040.8424084,27660802.030119114,354535865.72860503,0.6416884327982112,False
500000000.0,2000.0,36.0,18,105.26315789473684,70.15433615509535,70.58466406714352,2,19817.671124984532,1,192.5379593396626,1830630040.8424084,27762663.548350096,354716842.5800739,0.6417678818291689,False
500000000.0,2000.0,36.0,19,100.0,70.19753144571494,70.60617606983158,2,19817.671124984532,1,182.9823088673873,1830630040.8424084,27859683.70695562,354884129.6395695,0.6418424894183817,False
500000000.0,2000.0,36.0,20,95.23809523809524,70.2365900086833,70.62563174643591,2,19817.671124984532,1,174.34333145893152,1830630040.8424084,27952355.78910949,355039566.4808162,0.6419128419712954,False
500000000.0,2000.0,36.0,21,90.9090909090909,70.2720789543846,70.64331249743456,2,19817.671124984532,1,166.49479532368105,1830630040.8424084,28041099.720129278,355184663.6567111,0.6419794270769797,False
500000000.0,2000.0,36.0,22,86.95652173913044,70.30446625930435,70.65945061775132,2,19817.671124984532,1,159.33265116382526,1830630040.8424084,28126276.00253971,355320674.06462073,0.6420426541352683,False
500000000.0,2000.0,36.0,23,83.33333333333333,70.33414152093702,70.67423956053555,2,19817.671124984532,1,152.77036247302397,1830630040.8424084,28208196.48995609,355448646.410312,0.6421028699461518,False
500000000.0,2000.0,36.0,24,80.0,70.36143170779152,70.68784172986696,2,19817.671124984532,1,146.73536809011964,1830630040.8424084,28287132.82229913,355569465.8124022,0.6421603706526224,False
500000000.0,2000.0,36.0,25,76.92307692307692,70.38661325816528,70.7003944697067,2,19817.671124984532,1,141.16636911222224,1830630040.8424084,28363323.105862312,355683885.0268542,0.6422154110035513,False
500000000.0,2000.0,36.0,26,74.07407407407408,70.4099214784868,70.7120147181027,2,19817.671124984532,1,136.01122438930787,1830630040.8424084,28436977.258862313,355792548.7335187,0.6422682116194941,False
500000000.0,2000.0,36.0,27,71.42857142857143,70.43155791920641,70.72280266126083,2,19817.671124984532,1,131.2253010507236,1830630040.8424084,28508281.330118626,355896012.62501156,0.6423189647513087,False
500000000.0,2000.0,36.0,28,68.96551724137932,70.45169621841553,70.73284462957092,2,19817.671124984532,1,126.77016925408361,1830630040.8424084,28577401.018884066,355994758.5556628,0.6423678388879444,False
500000000.0,2000.0,36.0,29,66.66666666666667,70.4704867721393,70.74221541290572,2,19817.671124984532,1,122.61256015277591,1830630040.8424084,28644484.566921495,356089206.671436,0.6424149824760209,False
500000000.0,2000.0,36.0,30,64.51612903225806,70.48806049726076,70.75098012667333,2,19817.671124984532,1,118.72352715713279,1830630040.8424084,28709665.15264717,356179725.20305914,0.6424605269470012,False
500000000.0,2000.0,36.0,31,62.5,70.50453188629808,70.75919572713121,2,19817.671124984532,1,115.07776566684142,1830630040.8424084,28773062.886907466,356266638.4336556,0.6425045891996292,False
500000000.0,2000.0,36.0,32,60.60606060606061,70.52000150478592,70.76691225053094,2,19817.671124984532,1,111.65305740262968,1830630040.8424084,28834786.48746444,356350233.22777337,0.6425472736500846,False
500000000.0,2000.0,36.0,33,58.8235294117647,70.53455804641767,70.7741738330933,2,19817.671124984532,1,108.42981349518004,1830630040.8424084,28894934.6924056,356430764.4174803,0.6425886739363248,False
500000000.0,2000.0,36.0,34,57.142857142857146,70.54828003469484,70.78101955574202,2,19817.671124984532,1,105.39069643937965,1830630040.8424084,28953597.459943123,356508459.2736858,0.6426288743437495,False
500000000.0,2000.0,36.0,35,55.55555555555556,70.56123724004301,70.78748414774493,2,19817.671124984532,1,102.52030547321567,1830630040.8424084,29010856.99226872,356583521.2399173,0.6426679510046632,False
500000000.0,2000.0,36.0,36,54.054054054054056,70.57349186639668,70.79359857600049,2,19817.671124984532,1,99.80491330210624,1830630040.8424084,29066788.613603488,356656133.0675073,0.6427059729129224,False
500000000.0,2000.0,36.0,37,52.63157894736842,70.58509954985053,70.79939054110244,2,19817.671124984532,1,97.23224464959505,1830630040.8424084,29121461.526743453,356726459.4620718,0.6427430027866909,False
500000000.0,2000.0,36.0,38,51.282051282051285,70.59611020321059,70.80488489693042,2,19817.671124984532,1,94.79128907994837,1830630040.8424084,29174939.46776266,356794649.32834387,0.6427790978055516,False
500000000.0,2000.0,36.0,39,50.0,70.60656873349193,70.8101040071725,2,19817.671124984532,1,92.47214205898408,1830630040.8424084,29227281.27494766,356860837.6832971,0.642814310243175,False
500000000.0,2000.0,42.0,0,2000.0,63.11209539876224,67.1402472048397,2,19817.671124984532,0,0.0,1976878181.406314,19857823.53684561,301917911.39976436,0.671920658845636,False
500000000.0,2000.0,42.0,1,1000.0,67.17893368156778,69.113823163977,2,19817.671124984532,1,864.6789978310912,1976878181.406314,21368491.549852073,315091107.9580258,0.6752950824866766,False
500000000.0,2000.0,42.0,2,666.6666666666666,68.48089742584537,69.75473569453993,2,19817.671124984532,1,566.5713598911162,1976878181.406314,21991790.97310767,319181094.4002728,0.6764057057802358,False
500000000.0,2000.0,42.0,3,500.0,69.12268370858797,70.07221777553349,2,19817.671124984532,1,422.0449778558281,1976878181.406314,22370199.82161701,321207201.8659403,0.676984299705524,False
500000000.0,2000.0,42.0,4,400.0,69.50491103205941,70.26177896490564,2,19817.671124984532,1,336.6566035341519,1976878181.406314,22639312.11951478,322433472.0742629,0.6773508391183762,False
500000000.0,2000.0,42.0,5,333.3333333333333,69.75856573859463,70.38777168058556,2,19817.671124984532,1,280.2418403562274,1976878181.406314,22847827.38309599,323265028.9782039,0.6776100141469396,False
500000000.0,2000.0,42.0,6,285.7142857142857,69.93918443803003,70.4775812924532,2,19817.671124984532,1,240.1755948619264,1976878181.406314,23018224.0213416,323872049.253578,0.6778066258012332,False
500000000.0,2000.0,42.0,7,250.0,70.07434294604549,70.54483784318343,2,19817.671124984532,1,210.240374842695,1976878181.406314,23162568.277735002,324338676.24385834,0.6779632141465793,False
500000000.0,2000.0,42.0,8,222.22222222222223,70.17928626827661,70.59708911179483,2,19817.671124984532,1,187.01825475010926,1976878181.406314,23288031.465853587,324711371.03956896,0.6780924325978182,False
500000000.0,2000.0,42.0,9,200.0,70.26312807275589,70.63885284504508,2,19817.671124984532,1,168.47425983026199,1976878181.406314,23399201.08593081,325017929.9128389,0.6782019725310576,False
500000000.0,2000.0,42.0,10,181.8181818181818,70.33165157196778,70.67299859069344,2,19817.671124984532,1,153.3209838107104,1976878181.406314,23499179.899525154,325276029.97683954,0.6782968009078454,False
500000000.0,2000.0,42.0,11,166.66666666666666,70.38870353070985,70.7014365165373,2,19817.671124984532,1,140.7040774986007,1976878181.406314,23590160.120144792,325497467.7610951,0.6783802819733971,False
500000000.0,2000.0,42.0,12,153.84615384615384,70.43694217163456,70.7254874258214,2,19817.671124984532,1,130.03422161188752,1976878181.406314,23673746.011845887,325690428.57514113,0.6784547840120961,False
500000000.0,2000.0,42.0,13,142.85714285714286,70.47826329947156,70.74609378511431,2,19817.671124984532,1,120.89171391639776,1976878181.406314,23751145.96626052,325860778.1489807,0.6785220281447252,False
500000000.0,2000.0,42.0,14,133.33333333333334,70.51405535706928,70.76394613814955,2,19817.671124984532,1,112.96951555802083,1976878181.406314,23823292.42509845,326012835.5528699,0.6785832990823896,False
500000000.0,2000.0,42.0,15,125.0,70.54535851096972,70.77956200790642,2,19817.671124984532,1,106.03780703788628,1976878181.406314,23890919.77477687,326149855.47763956,0.6786395778820795,False
500000000.0,2000.0,42.0,16,117.6470588235294,70.57296741030123,70.79333689209545,2,19817.671124984532,1,99.921136335946,1976878181.406314,23954616.665719356,326274340.041236,0.6786916285755314,False
500000000.0,2000.0,42.0,17,111.11111111111111,70.59749958988355,70.8055782262997,2,19817.671124984532,1,94.48323097436622,1976878181.406314,24014862.177935503,326388246.62881243,0.678740056440009,False
500000000.0,2000.0,42.0,18,105.26315789473684,70.61944221103163,70.81652860172218,2,19817.671124984532,1,89.61663360078852,1976878181.406314,24072051.451249268,326493130.15832496,0.6787853482413897,False
500000000.0,2000.0,42.0,19,100.0,70.63918474236165,70.82638200515122,2,19817.671124984532,1,85.2354634088154,1976878181.406314,24126514.249967393,326590242.75587434,0.6788279006774308,False
500000000.0,2000.0,42.0,20,95.23809523809524,70.65704227931278,70.8352954110595,2,19817.671124984532,1,81.27025597287573,1976878181.406314,24178528.67136077,326680605.0457606,0.6788680408967136,False
500000000.0,2000.0,42.0,21,90.9090909090909,70.67327248827233,70.84339720708915,2,19817.671124984532,1,77.66421691525325,1976878181.406314,24228331.443196457,326765058.0845122,0.6789060415733762,False
500000000.0,2000.0,42.0,22,86.95652173913044,70.68808812018364,70.85079341818263,2,19817.671124984532,1,74.37045710645017,1976878181.406314,24276125.778592996,326844301.8233384,0.678942132164708,False
500000000.0,2000.0,42.0,23,83.33333333333333,70.70166638876577,70.85757237237333,2,19817.671124984532,1,71.3499218627111,1976878181.406314,24322087.45091734,326918924.0204583,0.6789765074430261,False
500000000.0,2000.0,42.0,24,80.0,70.71415609313951,70.86380824518868,2,19817.671124984532,1,68.56981901799908,1976878181.406314,24366369.551149543,326989422.26992804,0.6790093340488101,False
500000000.0,2000.0,42.0,25,76.92307692307692,70.72568309338797,70.86956378500324,2,19817.671124984532,1,66.00241103372527,1976878181.406314,24409106.25602191,327056220.99347883,0.6790407555856474,False
500000000.0,2000.0,42.0,26,74.07407407407408,70.73635456691682,70.87489243195235,2,19817.671124984532,1,63.62407641816153,1976878181.406314,24450415.843740817,327119684.69541734,0.6790708966257961,False
500000000.0,2000.0,42.0,27,71.42857142857143,70.74626235099683,70.87983998222548,2,19817.671124984532,1,61.414572893666644,1976878181.406314,24490403.130582947,327180128.4098688,0.6790998658916305,False
500000000.0,2000.0,42.0,28,68.96551724137932,70.75548559247288,70.88444590759198,2,19817.671124984532,1,59.35645345387919,1976878181.406314,24529161.456873767,327237826.01396865,0.679127758806433,False
500000000.0,2000.0,42.0,29,66.66666666666667,70.76409286658853,70.88874441072392,2,19817.671124984532,1,57.434599525403826,1976878181.406314,24566774.31878393,327293016.901388,0.6791546595573845,False
500000000.0,2000.0,42.0,30,64.51612903225806,70.77214388501004,70.89276527601116,2,19817.671124984532,1,55.63584471371037,1976878181.406314,24603316.71918091,327345911.38370013,0.6791806427775827,False
500000000.0,2000.0,42.0,31,62.5,70.77969088306246,70.89653456068368,2,19817.671124984532,1,53.94866926254664,1976878181.406314,24638856.293660935,327396695.09530723,0.6792057749277094,False
500000000.0,2000.0,42.0,32,60.60606060606061,70.78677975433378,70.9000751601481,2,19817.671124984532,1,52.36295018807065,1976878181.406314,24673454.25527533,327445532.6114512,0.6792301154389708,False
500000000.0,2000.0,42.0,33,58.8235294117647,70.7934509847413,70.90340727342677,2,19817.671124984532,1,50.869755596593365,1976878181.406314,24707166.19190985,327492570.43952644,0.6792537176647119,False
500000000.0,2000.0,42.0,34,57.142857142857146,70.79974042622865,70.9065487887628,2,19817.671124984532,1,49.46117432883644,1976878181.406314,24740042.743114956,327537939.5077655,0.6792766296776095,False
500000000.0,2000.0,42.0,35,55.55555555555556,70.8056799413229,70.90951560486138,2,19817.671124984532,1,48.130174046225065,1976878181.406314,24772130.177627303,327581757.2477167,0.6792988949413041,False
500000000.0,2000.0,42.0,36,54.054054054054056,70.81129794301847,70.91232190001529,2,19817.671124984532,1,46.87048236743333,1976878181.406314,24803470.888621967,327624129.34653616,0.679320552879334,False
500000000.0,2000.0,42.0,37,52.63157894736842,70.81661984929715,70.91498035867842,2,19817.671124984532,1,45.676486800555324,1976878181.406314,24834103.820380475,327665151.22897476,0.6793416393594937,False
500000000.0,2000.0,42.0,38,51.282051282051285,70.82166846762647,70.91750236315832,2,19817.671124984532,1,44.54315009124551,1976878181.406314,24864064.837497275,327704909.3169362,0.67936218710818,False
500000000.0,2000.0,42.0,39,50.0,70.82646432170675,70.91989815652744,2,19817.671124984532,1,43.46593828436909,1976878181.406314,24893387.045689195,327743482.1049328,0.6793822260664463,False
